site_id,window_start,ion,concentration
Q1,1986-05-20,k_mgl,0.8166666666666667
Q1,1986-05-20,no3n_ugl,113.66666666666667
Q1,1986-05-20,mg_mgl,3.1066666666666665
Q1,1986-05-20,ca_mgl,3.9366666666666665
Q1,1986-05-20,nh4n_ugl,NA
Q1,1986-07-22,k_mgl,NA
Q1,1986-07-22,no3n_ugl,NA
Q1,1986-07-22,mg_mgl,NA
Q1,1986-07-22,ca_mgl,NA
Q1,1986-07-22,nh4n_ugl,NA
Q1,1986-09-23,k_mgl,0.656
Q1,1986-09-23,no3n_ugl,126.66666666666667
Q1,1986-09-23,mg_mgl,2.69
Q1,1986-09-23,ca_mgl,4.368
Q1,1986-09-23,nh4n_ugl,25.4
Q1,1986-11-25,k_mgl,0.6744444444444444
Q1,1986-11-25,no3n_ugl,154.33333333333334
Q1,1986-11-25,mg_mgl,2.5877777777777777
Q1,1986-11-25,ca_mgl,3.78
Q1,1986-11-25,nh4n_ugl,21.75
Q1,1987-01-27,k_mgl,0.7244444444444444
Q1,1987-01-27,no3n_ugl,132.22222222222223
Q1,1987-01-27,mg_mgl,2.977777777777778
Q1,1987-01-27,ca_mgl,4.166666666666667
Q1,1987-01-27,nh4n_ugl,18.4
Q1,1987-03-31,k_mgl,0.8466666666666667
Q1,1987-03-31,no3n_ugl,146.44444444444446
Q1,1987-03-31,mg_mgl,2.4299999999999997
Q1,1987-03-31,ca_mgl,3.7566666666666664
Q1,1987-03-31,nh4n_ugl,41.666666666666664
Q1,1987-06-02,k_mgl,0.8077777777777778
Q1,1987-06-02,no3n_ugl,157.66666666666666
Q1,1987-06-02,mg_mgl,2.522222222222222
Q1,1987-06-02,ca_mgl,3.893333333333333
Q1,1987-06-02,nh4n_ugl,73.77777777777777
Q1,1987-08-04,k_mgl,0.77
Q1,1987-08-04,no3n_ugl,182.30769230769232
Q1,1987-08-04,mg_mgl,2.171666666666667
Q1,1987-08-04,ca_mgl,3.3666666666666667
Q1,1987-08-04,nh4n_ugl,44.53846153846154
Q1,1987-10-06,k_mgl,0.737
Q1,1987-10-06,no3n_ugl,163.77777777777777
Q1,1987-10-06,mg_mgl,2.349
Q1,1987-10-06,ca_mgl,3.726
Q1,1987-10-06,nh4n_ugl,16.25
Q1,1987-12-08,k_mgl,0.7873333333333333
Q1,1987-12-08,no3n_ugl,162.33333333333334
Q1,1987-12-08,mg_mgl,2.0086666666666666
Q1,1987-12-08,ca_mgl,3.2173333333333334
Q1,1987-12-08,nh4n_ugl,24
Q1,1988-02-09,k_mgl,0.90125
Q1,1988-02-09,no3n_ugl,206.9375
Q1,1988-02-09,mg_mgl,1.99375
Q1,1988-02-09,ca_mgl,3.10375
Q1,1988-02-09,nh4n_ugl,20.6875
Q1,1988-04-12,k_mgl,0.8766666666666667
Q1,1988-04-12,no3n_ugl,151.7
Q1,1988-04-12,mg_mgl,2.251
Q1,1988-04-12,ca_mgl,3.19
Q1,1988-04-12,nh4n_ugl,64.2
Q1,1988-06-14,k_mgl,0.7655555555555555
Q1,1988-06-14,no3n_ugl,NA
Q1,1988-06-14,mg_mgl,2.267
Q1,1988-06-14,ca_mgl,3.2977777777777777
Q1,1988-06-14,nh4n_ugl,113
Q1,1988-08-16,k_mgl,0.7553846153846154
Q1,1988-08-16,no3n_ugl,93.83333333333333
Q1,1988-08-16,mg_mgl,2.046666666666667
Q1,1988-08-16,ca_mgl,2.8038461538461537
Q1,1988-08-16,nh4n_ugl,37.2
Q1,1988-10-18,k_mgl,0.89375
Q1,1988-10-18,no3n_ugl,141.77777777777777
Q1,1988-10-18,mg_mgl,2.61875
Q1,1988-10-18,ca_mgl,4.1625
Q1,1988-10-18,nh4n_ugl,46
Q1,1988-12-20,k_mgl,0.8588888888888889
Q1,1988-12-20,no3n_ugl,153
Q1,1988-12-20,mg_mgl,2.502222222222222
Q1,1988-12-20,ca_mgl,4.32875
Q1,1988-12-20,nh4n_ugl,NA
Q1,1989-02-21,k_mgl,0.8366666666666667
Q1,1989-02-21,no3n_ugl,130.88888888888889
Q1,1989-02-21,mg_mgl,2.73
Q1,1989-02-21,ca_mgl,4.14
Q1,1989-02-21,nh4n_ugl,NA
Q1,1989-04-25,k_mgl,0.9377777777777778
Q1,1989-04-25,no3n_ugl,141
Q1,1989-04-25,mg_mgl,2.997777777777778
Q1,1989-04-25,ca_mgl,4.794444444444444
Q1,1989-04-25,nh4n_ugl,NA
Q1,1989-06-27,k_mgl,0.9444444444444444
Q1,1989-06-27,no3n_ugl,116.625
Q1,1989-06-27,mg_mgl,2.5477777777777777
Q1,1989-06-27,ca_mgl,3.991111111111111
Q1,1989-06-27,nh4n_ugl,NA
Q1,1989-08-29,k_mgl,1.049090909090909
Q1,1989-08-29,no3n_ugl,81.6
Q1,1989-08-29,mg_mgl,2.781
Q1,1989-08-29,ca_mgl,4.265
Q1,1989-08-29,nh4n_ugl,NA
Q1,1989-10-31,k_mgl,1.232
Q1,1989-10-31,no3n_ugl,324.1
Q1,1989-10-31,mg_mgl,3.237
Q1,1989-10-31,ca_mgl,5.118
Q1,1989-10-31,nh4n_ugl,NA
Q1,1990-01-02,k_mgl,1.268888888888889
Q1,1990-01-02,no3n_ugl,118
Q1,1990-01-02,mg_mgl,3.3233333333333333
Q1,1990-01-02,ca_mgl,5.847777777777778
Q1,1990-01-02,nh4n_ugl,NA
Q1,1990-03-06,k_mgl,1.4038461538461537
Q1,1990-03-06,no3n_ugl,480.6363636363636
Q1,1990-03-06,mg_mgl,2.5215384615384617
Q1,1990-03-06,ca_mgl,4.291538461538462
Q1,1990-03-06,nh4n_ugl,NA
Q1,1990-05-08,k_mgl,1.238
Q1,1990-05-08,no3n_ugl,208.1
Q1,1990-05-08,mg_mgl,3.11
Q1,1990-05-08,ca_mgl,5.267
Q1,1990-05-08,nh4n_ugl,NA
Q1,1990-07-10,k_mgl,1.0133333333333334
Q1,1990-07-10,no3n_ugl,117.44444444444444
Q1,1990-07-10,mg_mgl,3.2533333333333334
Q1,1990-07-10,ca_mgl,5.6433333333333335
Q1,1990-07-10,nh4n_ugl,NA
Q1,1990-09-11,k_mgl,0.9322222222222222
Q1,1990-09-11,no3n_ugl,97.83333333333333
Q1,1990-09-11,mg_mgl,2.997777777777778
Q1,1990-09-11,ca_mgl,5.207777777777778
Q1,1990-09-11,nh4n_ugl,NA
Q1,1990-11-13,k_mgl,1.0736363636363637
Q1,1990-11-13,no3n_ugl,132.0909090909091
Q1,1990-11-13,mg_mgl,2.7827272727272727
Q1,1990-11-13,ca_mgl,4.642727272727273
Q1,1990-11-13,nh4n_ugl,NA
Q1,1991-01-15,k_mgl,0.8144444444444444
Q1,1991-01-15,no3n_ugl,87.85714285714286
Q1,1991-01-15,mg_mgl,3.223333333333333
Q1,1991-01-15,ca_mgl,5.7844444444444445
Q1,1991-01-15,nh4n_ugl,NA
Q1,1991-03-19,k_mgl,0.8333333333333334
Q1,1991-03-19,no3n_ugl,59.77777777777778
Q1,1991-03-19,mg_mgl,2.9811111111111113
Q1,1991-03-19,ca_mgl,5.421111111111111
Q1,1991-03-19,nh4n_ugl,NA
Q1,1991-05-21,k_mgl,0.914
Q1,1991-05-21,no3n_ugl,54.75
Q1,1991-05-21,mg_mgl,3.0629999999999997
Q1,1991-05-21,ca_mgl,5.314
Q1,1991-05-21,nh4n_ugl,NA
Q1,1991-07-23,k_mgl,1.012
Q1,1991-07-23,no3n_ugl,40.77777777777778
Q1,1991-07-23,mg_mgl,3.801
Q1,1991-07-23,ca_mgl,6.164
Q1,1991-07-23,nh4n_ugl,NA
Q1,1991-09-24,k_mgl,1.1225
Q1,1991-09-24,no3n_ugl,80.5
Q1,1991-09-24,mg_mgl,2.8266666666666667
Q1,1991-09-24,ca_mgl,4.400833333333333
Q1,1991-09-24,nh4n_ugl,NA
Q1,1991-11-26,k_mgl,1.1477777777777778
Q1,1991-11-26,no3n_ugl,188.375
Q1,1991-11-26,mg_mgl,3.0455555555555556
Q1,1991-11-26,ca_mgl,5.041111111111111
Q1,1991-11-26,nh4n_ugl,NA
Q1,1992-01-28,k_mgl,1.1520000000000001
Q1,1992-01-28,no3n_ugl,151
Q1,1992-01-28,mg_mgl,3.128
Q1,1992-01-28,ca_mgl,5.376
Q1,1992-01-28,nh4n_ugl,NA
Q1,1992-03-31,k_mgl,1.051111111111111
Q1,1992-03-31,no3n_ugl,63.125
Q1,1992-03-31,mg_mgl,3.3244444444444445
Q1,1992-03-31,ca_mgl,5.618888888888889
Q1,1992-03-31,nh4n_ugl,NA
Q1,1992-06-02,k_mgl,1.1566666666666667
Q1,1992-06-02,no3n_ugl,58.25
Q1,1992-06-02,mg_mgl,2.8633333333333333
Q1,1992-06-02,ca_mgl,4.7877777777777775
Q1,1992-06-02,nh4n_ugl,NA
Q1,1992-08-04,k_mgl,1.1144444444444446
Q1,1992-08-04,no3n_ugl,102.66666666666667
Q1,1992-08-04,mg_mgl,3.236666666666667
Q1,1992-08-04,ca_mgl,5.694444444444445
Q1,1992-08-04,nh4n_ugl,NA
Q1,1992-10-06,k_mgl,0.9877777777777778
Q1,1992-10-06,no3n_ugl,76.28571428571429
Q1,1992-10-06,mg_mgl,3.002222222222222
Q1,1992-10-06,ca_mgl,5.384444444444444
Q1,1992-10-06,nh4n_ugl,NA
Q1,1992-12-08,k_mgl,1.0822222222222222
Q1,1992-12-08,no3n_ugl,20.5
Q1,1992-12-08,mg_mgl,2.897777777777778
Q1,1992-12-08,ca_mgl,4.845555555555555
Q1,1992-12-08,nh4n_ugl,NA
Q1,1993-02-09,k_mgl,1.12
Q1,1993-02-09,no3n_ugl,125.33333333333333
Q1,1993-02-09,mg_mgl,3.4466666666666668
Q1,1993-02-09,ca_mgl,5.72
Q1,1993-02-09,nh4n_ugl,NA
Q1,1993-04-13,k_mgl,1.22
Q1,1993-04-13,no3n_ugl,69.11111111111111
Q1,1993-04-13,mg_mgl,3.4755555555555557
Q1,1993-04-13,ca_mgl,5.415555555555556
Q1,1993-04-13,nh4n_ugl,NA
Q1,1993-06-15,k_mgl,1.018888888888889
Q1,1993-06-15,no3n_ugl,39.2
Q1,1993-06-15,mg_mgl,2.9566666666666666
Q1,1993-06-15,ca_mgl,5.483333333333333
Q1,1993-06-15,nh4n_ugl,NA
Q1,1993-08-17,k_mgl,1.0933333333333333
Q1,1993-08-17,no3n_ugl,43.111111111111114
Q1,1993-08-17,mg_mgl,3.281111111111111
Q1,1993-08-17,ca_mgl,5.704444444444444
Q1,1993-08-17,nh4n_ugl,NA
Q1,1993-10-19,k_mgl,1.1277777777777778
Q1,1993-10-19,no3n_ugl,12.444444444444445
Q1,1993-10-19,mg_mgl,3.2733333333333334
Q1,1993-10-19,ca_mgl,5.831111111111111
Q1,1993-10-19,nh4n_ugl,NA
Q1,1993-12-21,k_mgl,1.0355555555555556
Q1,1993-12-21,no3n_ugl,25.333333333333332
Q1,1993-12-21,mg_mgl,2.8844444444444446
Q1,1993-12-21,ca_mgl,5.3133333333333335
Q1,1993-12-21,nh4n_ugl,NA
Q1,1994-02-22,k_mgl,1.0655555555555556
Q1,1994-02-22,no3n_ugl,86.75
Q1,1994-02-22,mg_mgl,3.3433333333333333
Q1,1994-02-22,ca_mgl,5.968888888888889
Q1,1994-02-22,nh4n_ugl,NA
Q1,1994-04-26,k_mgl,1.1566666666666667
Q1,1994-04-26,no3n_ugl,17.444444444444443
Q1,1994-04-26,mg_mgl,3.7
Q1,1994-04-26,ca_mgl,6.6466666666666665
Q1,1994-04-26,nh4n_ugl,NA
Q1,1994-06-28,k_mgl,1.143
Q1,1994-06-28,no3n_ugl,94.75
Q1,1994-06-28,mg_mgl,3.505
Q1,1994-06-28,ca_mgl,6.196
Q1,1994-06-28,nh4n_ugl,NA
Q1,1994-08-30,k_mgl,1.22
Q1,1994-08-30,no3n_ugl,NA
Q1,1994-08-30,mg_mgl,3.3455555555555554
Q1,1994-08-30,ca_mgl,6.12
Q1,1994-08-30,nh4n_ugl,NA
Q1,1994-11-01,k_mgl,1.0988888888888888
Q1,1994-11-01,no3n_ugl,109
Q1,1994-11-01,mg_mgl,3.0444444444444443
Q1,1994-11-01,ca_mgl,5.645555555555555
Q1,1994-11-01,nh4n_ugl,NA
Q1,1995-01-03,k_mgl,1.235
Q1,1995-01-03,no3n_ugl,NA
Q1,1995-01-03,mg_mgl,3.67375
Q1,1995-01-03,ca_mgl,6.26375
Q1,1995-01-03,nh4n_ugl,NA
Q1,1995-03-07,k_mgl,0.9642857142857143
Q1,1995-03-07,no3n_ugl,NA
Q1,1995-03-07,mg_mgl,3.182857142857143
Q1,1995-03-07,ca_mgl,5.615714285714286
Q1,1995-03-07,nh4n_ugl,NA
Q1,1995-05-09,k_mgl,1.3125
Q1,1995-05-09,no3n_ugl,NA
Q1,1995-05-09,mg_mgl,3.3425000000000002
Q1,1995-05-09,ca_mgl,5.79
Q1,1995-05-09,nh4n_ugl,NA
Q1,1995-07-11,k_mgl,0.9066666666666666
Q1,1995-07-11,no3n_ugl,NA
Q1,1995-07-11,mg_mgl,3.27
Q1,1995-07-11,ca_mgl,5.82
Q1,1995-07-11,nh4n_ugl,NA
Q1,1995-09-12,k_mgl,NA
Q1,1995-09-12,no3n_ugl,NA
Q1,1995-09-12,mg_mgl,NA
Q1,1995-09-12,ca_mgl,NA
Q1,1995-09-12,nh4n_ugl,NA
Q1,1995-11-14,k_mgl,1.06
Q1,1995-11-14,no3n_ugl,NA
Q1,1995-11-14,mg_mgl,2.7640000000000002
Q1,1995-11-14,ca_mgl,4.958
Q1,1995-11-14,nh4n_ugl,NA
Q1,1996-01-16,k_mgl,1.0822222222222222
Q1,1996-01-16,no3n_ugl,NA
Q1,1996-01-16,mg_mgl,3.1866666666666665
Q1,1996-01-16,ca_mgl,5.49
Q1,1996-01-16,nh4n_ugl,NA
Q1,1996-03-19,k_mgl,1.1522222222222223
Q1,1996-03-19,no3n_ugl,NA
Q1,1996-03-19,mg_mgl,3.41
Q1,1996-03-19,ca_mgl,5.72
Q1,1996-03-19,nh4n_ugl,NA
Q1,1996-05-21,k_mgl,1.1422222222222222
Q1,1996-05-21,no3n_ugl,NA
Q1,1996-05-21,mg_mgl,3.2244444444444444
Q1,1996-05-21,ca_mgl,5.595555555555555
Q1,1996-05-21,nh4n_ugl,NA
Q1,1996-07-23,k_mgl,1.208888888888889
Q1,1996-07-23,no3n_ugl,47
Q1,1996-07-23,mg_mgl,3.6144444444444446
Q1,1996-07-23,ca_mgl,6.101111111111111
Q1,1996-07-23,nh4n_ugl,NA
Q1,1996-09-24,k_mgl,1.055
Q1,1996-09-24,no3n_ugl,204.33333333333334
Q1,1996-09-24,mg_mgl,2.98875
Q1,1996-09-24,ca_mgl,5.251250000000001
Q1,1996-09-24,nh4n_ugl,NA
Q1,1996-11-26,k_mgl,1.2714285714285714
Q1,1996-11-26,no3n_ugl,218.57142857142858
Q1,1996-11-26,mg_mgl,3.1742857142857144
Q1,1996-11-26,ca_mgl,5.635714285714285
Q1,1996-11-26,nh4n_ugl,NA
Q1,1997-01-28,k_mgl,1.01
Q1,1997-01-28,no3n_ugl,208.77777777777777
Q1,1997-01-28,mg_mgl,2.9033333333333333
Q1,1997-01-28,ca_mgl,5.078888888888889
Q1,1997-01-28,nh4n_ugl,NA
Q1,1997-04-01,k_mgl,1.1355555555555557
Q1,1997-04-01,no3n_ugl,191.71428571428572
Q1,1997-04-01,mg_mgl,3.1577777777777776
Q1,1997-04-01,ca_mgl,5.774444444444445
Q1,1997-04-01,nh4n_ugl,NA
Q1,1997-06-03,k_mgl,0.9544444444444444
Q1,1997-06-03,no3n_ugl,174.375
Q1,1997-06-03,mg_mgl,2.9388888888888887
Q1,1997-06-03,ca_mgl,5.2844444444444445
Q1,1997-06-03,nh4n_ugl,NA
Q1,1997-08-05,k_mgl,0.8622222222222222
Q1,1997-08-05,no3n_ugl,118.5
Q1,1997-08-05,mg_mgl,3.0522222222222224
Q1,1997-08-05,ca_mgl,5.723333333333333
Q1,1997-08-05,nh4n_ugl,NA
Q1,1997-10-07,k_mgl,1.07375
Q1,1997-10-07,no3n_ugl,119.625
Q1,1997-10-07,mg_mgl,2.5675
Q1,1997-10-07,ca_mgl,4.40375
Q1,1997-10-07,nh4n_ugl,NA
Q1,1997-12-09,k_mgl,0.7342857142857143
Q1,1997-12-09,no3n_ugl,119.42857142857143
Q1,1997-12-09,mg_mgl,2.0275
Q1,1997-12-09,ca_mgl,4.19625
Q1,1997-12-09,nh4n_ugl,23
Q1,1998-02-10,k_mgl,1.251111111111111
Q1,1998-02-10,no3n_ugl,96.11111111111111
Q1,1998-02-10,mg_mgl,2.56
Q1,1998-02-10,ca_mgl,4.17
Q1,1998-02-10,nh4n_ugl,14.833333333333334
Q1,1998-04-14,k_mgl,0.8728571428571429
Q1,1998-04-14,no3n_ugl,77.66666666666667
Q1,1998-04-14,mg_mgl,2.2175
Q1,1998-04-14,ca_mgl,4.22
Q1,1998-04-14,nh4n_ugl,25
Q1,1998-06-16,k_mgl,1.252857142857143
Q1,1998-06-16,no3n_ugl,104.66666666666667
Q1,1998-06-16,mg_mgl,2.8966666666666665
Q1,1998-06-16,ca_mgl,4.777777777777778
Q1,1998-06-16,nh4n_ugl,23.75
Q1,1998-08-18,k_mgl,1.0613333333333332
Q1,1998-08-18,no3n_ugl,160
Q1,1998-08-18,mg_mgl,2.473333333333333
Q1,1998-08-18,ca_mgl,4.69
Q1,1998-08-18,nh4n_ugl,8.285714285714286
Q1,1998-10-20,k_mgl,1.1188888888888888
Q1,1998-10-20,no3n_ugl,228
Q1,1998-10-20,mg_mgl,2.4522222222222223
Q1,1998-10-20,ca_mgl,4.731111111111111
Q1,1998-10-20,nh4n_ugl,10
Q1,1998-12-22,k_mgl,1.0966666666666667
Q1,1998-12-22,no3n_ugl,222.11111111111111
Q1,1998-12-22,mg_mgl,2.8377777777777777
Q1,1998-12-22,ca_mgl,4.88
Q1,1998-12-22,nh4n_ugl,13.666666666666666
Q1,1999-02-23,k_mgl,1.0455555555555556
Q1,1999-02-23,no3n_ugl,261.8888888888889
Q1,1999-02-23,mg_mgl,3.1533333333333333
Q1,1999-02-23,ca_mgl,5.883333333333334
Q1,1999-02-23,nh4n_ugl,18.4
Q1,1999-04-27,k_mgl,1.0325
Q1,1999-04-27,no3n_ugl,165.66666666666666
Q1,1999-04-27,mg_mgl,2.93
Q1,1999-04-27,ca_mgl,5.094444444444444
Q1,1999-04-27,nh4n_ugl,9
Q1,1999-06-29,k_mgl,1.028888888888889
Q1,1999-06-29,no3n_ugl,169.22222222222223
Q1,1999-06-29,mg_mgl,2.8088888888888888
Q1,1999-06-29,ca_mgl,4.562222222222222
Q1,1999-06-29,nh4n_ugl,10
Q1,1999-08-31,k_mgl,0.99625
Q1,1999-08-31,no3n_ugl,158.55555555555554
Q1,1999-08-31,mg_mgl,2.6755555555555555
Q1,1999-08-31,ca_mgl,4.452222222222222
Q1,1999-08-31,nh4n_ugl,13.6
Q1,1999-11-02,k_mgl,0.9877777777777778
Q1,1999-11-02,no3n_ugl,199.22222222222223
Q1,1999-11-02,mg_mgl,2.756666666666667
Q1,1999-11-02,ca_mgl,4.286666666666667
Q1,1999-11-02,nh4n_ugl,12.4
Q1,2000-01-04,k_mgl,0.8988888888888888
Q1,2000-01-04,no3n_ugl,220.11111111111111
Q1,2000-01-04,mg_mgl,2.9544444444444444
Q1,2000-01-04,ca_mgl,5.113333333333333
Q1,2000-01-04,nh4n_ugl,7.75
Q1,2000-03-07,k_mgl,0.8733333333333333
Q1,2000-03-07,no3n_ugl,215.55555555555554
Q1,2000-03-07,mg_mgl,3.34
Q1,2000-03-07,ca_mgl,6.064444444444445
Q1,2000-03-07,nh4n_ugl,NA
Q1,2000-05-09,k_mgl,0.8922222222222222
Q1,2000-05-09,no3n_ugl,171.55555555555554
Q1,2000-05-09,mg_mgl,2.9611111111111112
Q1,2000-05-09,ca_mgl,4.9622222222222225
Q1,2000-05-09,nh4n_ugl,11
Q1,2000-07-11,k_mgl,0.8344444444444444
Q1,2000-07-11,no3n_ugl,176.77777777777777
Q1,2000-07-11,mg_mgl,3.25
Q1,2000-07-11,ca_mgl,6.1
Q1,2000-07-11,nh4n_ugl,10.8
Q1,2000-09-12,k_mgl,0.9577777777777777
Q1,2000-09-12,no3n_ugl,161
Q1,2000-09-12,mg_mgl,2.792222222222222
Q1,2000-09-12,ca_mgl,4.733333333333333
Q1,2000-09-12,nh4n_ugl,9.4
Q1,2000-11-14,k_mgl,0.9922222222222222
Q1,2000-11-14,no3n_ugl,190.22222222222223
Q1,2000-11-14,mg_mgl,3.292222222222222
Q1,2000-11-14,ca_mgl,5.567777777777778
Q1,2000-11-14,nh4n_ugl,10.166666666666666
Q1,2001-01-16,k_mgl,0.8877777777777778
Q1,2001-01-16,no3n_ugl,178.88888888888889
Q1,2001-01-16,mg_mgl,3.2944444444444443
Q1,2001-01-16,ca_mgl,5.704444444444444
Q1,2001-01-16,nh4n_ugl,9.166666666666666
Q1,2001-03-20,k_mgl,1.0322222222222222
Q1,2001-03-20,no3n_ugl,152.66666666666666
Q1,2001-03-20,mg_mgl,3.21
Q1,2001-03-20,ca_mgl,5.986666666666666
Q1,2001-03-20,nh4n_ugl,7.2
Q1,2001-05-22,k_mgl,0.93
Q1,2001-05-22,no3n_ugl,146.22222222222223
Q1,2001-05-22,mg_mgl,3.071111111111111
Q1,2001-05-22,ca_mgl,5.683333333333334
Q1,2001-05-22,nh4n_ugl,9
Q1,2001-07-24,k_mgl,1.0022222222222221
Q1,2001-07-24,no3n_ugl,150.22222222222223
Q1,2001-07-24,mg_mgl,3.3677777777777775
Q1,2001-07-24,ca_mgl,6.368888888888889
Q1,2001-07-24,nh4n_ugl,8.75
Q1,2001-09-25,k_mgl,1.0633333333333332
Q1,2001-09-25,no3n_ugl,190.66666666666666
Q1,2001-09-25,mg_mgl,2.9966666666666666
Q1,2001-09-25,ca_mgl,5.597777777777778
Q1,2001-09-25,nh4n_ugl,13.5
Q1,2001-11-27,k_mgl,1.0622222222222222
Q1,2001-11-27,no3n_ugl,193.33333333333334
Q1,2001-11-27,mg_mgl,3.1122222222222224
Q1,2001-11-27,ca_mgl,5.321111111111111
Q1,2001-11-27,nh4n_ugl,18.714285714285715
Q1,2002-01-29,k_mgl,0.98
Q1,2002-01-29,no3n_ugl,193
Q1,2002-01-29,mg_mgl,3.25375
Q1,2002-01-29,ca_mgl,5.8975
Q1,2002-01-29,nh4n_ugl,13
Q1,2002-04-02,k_mgl,1.0166666666666666
Q1,2002-04-02,no3n_ugl,134.75
Q1,2002-04-02,mg_mgl,2.727777777777778
Q1,2002-04-02,ca_mgl,4.726666666666667
Q1,2002-04-02,nh4n_ugl,12.555555555555555
Q1,2002-06-04,k_mgl,0.93
Q1,2002-06-04,no3n_ugl,149.22222222222223
Q1,2002-06-04,mg_mgl,3.2544444444444447
Q1,2002-06-04,ca_mgl,5.492222222222222
Q1,2002-06-04,nh4n_ugl,16.77777777777778
Q1,2002-08-06,k_mgl,0.8777777777777778
Q1,2002-08-06,no3n_ugl,168
Q1,2002-08-06,mg_mgl,3.3422222222222224
Q1,2002-08-06,ca_mgl,6.198888888888889
Q1,2002-08-06,nh4n_ugl,15.875
Q1,2002-10-08,k_mgl,0.8788888888888888
Q1,2002-10-08,no3n_ugl,148.77777777777777
Q1,2002-10-08,mg_mgl,2.917777777777778
Q1,2002-10-08,ca_mgl,5.633333333333333
Q1,2002-10-08,nh4n_ugl,17.11111111111111
Q1,2002-12-10,k_mgl,0.8444444444444444
Q1,2002-12-10,no3n_ugl,168.22222222222223
Q1,2002-12-10,mg_mgl,2.6455555555555557
Q1,2002-12-10,ca_mgl,5.992222222222222
Q1,2002-12-10,nh4n_ugl,17
Q1,2003-02-11,k_mgl,0.8644444444444445
Q1,2003-02-11,no3n_ugl,156.11111111111111
Q1,2003-02-11,mg_mgl,3.4811111111111113
Q1,2003-02-11,ca_mgl,6.868888888888889
Q1,2003-02-11,nh4n_ugl,11.777777777777779
Q1,2003-04-15,k_mgl,0.8744444444444445
Q1,2003-04-15,no3n_ugl,152.55555555555554
Q1,2003-04-15,mg_mgl,2.6122222222222224
Q1,2003-04-15,ca_mgl,4.404444444444445
Q1,2003-04-15,nh4n_ugl,13.375
Q1,2003-06-17,k_mgl,0.9688888888888889
Q1,2003-06-17,no3n_ugl,163.66666666666666
Q1,2003-06-17,mg_mgl,3.1855555555555557
Q1,2003-06-17,ca_mgl,5.041111111111111
Q1,2003-06-17,nh4n_ugl,11.285714285714286
Q1,2003-08-19,k_mgl,1.018888888888889
Q1,2003-08-19,no3n_ugl,151.66666666666666
Q1,2003-08-19,mg_mgl,2.411111111111111
Q1,2003-08-19,ca_mgl,4.685555555555555
Q1,2003-08-19,nh4n_ugl,20.5
Q1,2003-10-21,k_mgl,1.02
Q1,2003-10-21,no3n_ugl,168
Q1,2003-10-21,mg_mgl,2.901111111111111
Q1,2003-10-21,ca_mgl,5.097777777777778
Q1,2003-10-21,nh4n_ugl,14.2
Q1,2003-12-23,k_mgl,0.8822222222222222
Q1,2003-12-23,no3n_ugl,177.75
Q1,2003-12-23,mg_mgl,2.7600000000000002
Q1,2003-12-23,ca_mgl,4.656666666666666
Q1,2003-12-23,nh4n_ugl,20.428571428571427
Q1,2004-02-24,k_mgl,0.9577777777777778
Q1,2004-02-24,no3n_ugl,129.44444444444446
Q1,2004-02-24,mg_mgl,2.9233333333333333
Q1,2004-02-24,ca_mgl,5.204444444444444
Q1,2004-02-24,nh4n_ugl,8.833333333333334
Q1,2004-04-27,k_mgl,0.9944444444444445
Q1,2004-04-27,no3n_ugl,139.11111111111111
Q1,2004-04-27,mg_mgl,2.3955555555555557
Q1,2004-04-27,ca_mgl,4.5088888888888885
Q1,2004-04-27,nh4n_ugl,8
Q1,2004-06-29,k_mgl,1.1022222222222222
Q1,2004-06-29,no3n_ugl,124.71428571428571
Q1,2004-06-29,mg_mgl,3.4555555555555557
Q1,2004-06-29,ca_mgl,6.461111111111111
Q1,2004-06-29,nh4n_ugl,14.4
Q1,2004-08-31,k_mgl,0.9288888888888889
Q1,2004-08-31,no3n_ugl,158.28571428571428
Q1,2004-08-31,mg_mgl,2.8233333333333333
Q1,2004-08-31,ca_mgl,5.762222222222222
Q1,2004-08-31,nh4n_ugl,15
Q1,2004-11-02,k_mgl,1.0566666666666666
Q1,2004-11-02,no3n_ugl,105.66666666666667
Q1,2004-11-02,mg_mgl,2.537777777777778
Q1,2004-11-02,ca_mgl,5.052222222222222
Q1,2004-11-02,nh4n_ugl,15.5
Q1,2005-01-04,k_mgl,0.7988888888888889
Q1,2005-01-04,no3n_ugl,175.77777777777777
Q1,2005-01-04,mg_mgl,3.0855555555555556
Q1,2005-01-04,ca_mgl,5.5
Q1,2005-01-04,nh4n_ugl,12
Q1,2005-03-08,k_mgl,0.8811111111111111
Q1,2005-03-08,no3n_ugl,180.66666666666666
Q1,2005-03-08,mg_mgl,3.278888888888889
Q1,2005-03-08,ca_mgl,5.848888888888889
Q1,2005-03-08,nh4n_ugl,19.333333333333332
Q1,2005-05-10,k_mgl,1.041111111111111
Q1,2005-05-10,no3n_ugl,123.66666666666667
Q1,2005-05-10,mg_mgl,2.7311111111111113
Q1,2005-05-10,ca_mgl,5.013333333333334
Q1,2005-05-10,nh4n_ugl,14.5
Q1,2005-07-12,k_mgl,0.7844444444444445
Q1,2005-07-12,no3n_ugl,141.375
Q1,2005-07-12,mg_mgl,3.0944444444444446
Q1,2005-07-12,ca_mgl,5.741111111111111
Q1,2005-07-12,nh4n_ugl,10
Q1,2005-09-13,k_mgl,0.8633333333333333
Q1,2005-09-13,no3n_ugl,149.77777777777777
Q1,2005-09-13,mg_mgl,2.756666666666667
Q1,2005-09-13,ca_mgl,4.974444444444445
Q1,2005-09-13,nh4n_ugl,12.75
Q1,2005-11-15,k_mgl,0.79
Q1,2005-11-15,no3n_ugl,156.44444444444446
Q1,2005-11-15,mg_mgl,2.9844444444444442
Q1,2005-11-15,ca_mgl,5.291111111111111
Q1,2005-11-15,nh4n_ugl,7.666666666666667
Q1,2006-01-17,k_mgl,0.8144444444444444
Q1,2006-01-17,no3n_ugl,166.22222222222223
Q1,2006-01-17,mg_mgl,2.8644444444444446
Q1,2006-01-17,ca_mgl,5.355555555555555
Q1,2006-01-17,nh4n_ugl,6.5
Q1,2006-03-21,k_mgl,0.8355555555555555
Q1,2006-03-21,no3n_ugl,151.22222222222223
Q1,2006-03-21,mg_mgl,3.151111111111111
Q1,2006-03-21,ca_mgl,5.863333333333333
Q1,2006-03-21,nh4n_ugl,NA
Q1,2006-05-23,k_mgl,0.8233333333333334
Q1,2006-05-23,no3n_ugl,170.75
Q1,2006-05-23,mg_mgl,2.838888888888889
Q1,2006-05-23,ca_mgl,5.79125
Q1,2006-05-23,nh4n_ugl,15.5
Q1,2006-07-25,k_mgl,0.9044444444444445
Q1,2006-07-25,no3n_ugl,155.375
Q1,2006-07-25,mg_mgl,3.2577777777777777
Q1,2006-07-25,ca_mgl,6.322222222222222
Q1,2006-07-25,nh4n_ugl,9.333333333333334
Q1,2006-09-26,k_mgl,0.9322222222222223
Q1,2006-09-26,no3n_ugl,136.11111111111111
Q1,2006-09-26,mg_mgl,2.87
Q1,2006-09-26,ca_mgl,5.557777777777778
Q1,2006-09-26,nh4n_ugl,7
Q1,2006-11-28,k_mgl,0.9011111111111111
Q1,2006-11-28,no3n_ugl,177.44444444444446
Q1,2006-11-28,mg_mgl,3.1133333333333333
Q1,2006-11-28,ca_mgl,6.066666666666666
Q1,2006-11-28,nh4n_ugl,6.5
Q1,2007-01-30,k_mgl,0.8922222222222222
Q1,2007-01-30,no3n_ugl,154
Q1,2007-01-30,mg_mgl,3.4644444444444447
Q1,2007-01-30,ca_mgl,5.982222222222222
Q1,2007-01-30,nh4n_ugl,8.666666666666666
Q1,2007-04-03,k_mgl,0.85
Q1,2007-04-03,no3n_ugl,113.77777777777777
Q1,2007-04-03,mg_mgl,3.013333333333333
Q1,2007-04-03,ca_mgl,5.17
Q1,2007-04-03,nh4n_ugl,7.125
Q1,2007-06-05,k_mgl,0.8744444444444445
Q1,2007-06-05,no3n_ugl,147.33333333333334
Q1,2007-06-05,mg_mgl,3.51
Q1,2007-06-05,ca_mgl,6.301111111111111
Q1,2007-06-05,nh4n_ugl,9.333333333333334
Q1,2007-08-07,k_mgl,0.8588888888888889
Q1,2007-08-07,no3n_ugl,129.55555555555554
Q1,2007-08-07,mg_mgl,3.198888888888889
Q1,2007-08-07,ca_mgl,6.03
Q1,2007-08-07,nh4n_ugl,12.285714285714286
Q1,2007-10-09,k_mgl,0.8544444444444445
Q1,2007-10-09,no3n_ugl,180.55555555555554
Q1,2007-10-09,mg_mgl,3.152222222222222
Q1,2007-10-09,ca_mgl,5.526666666666666
Q1,2007-10-09,nh4n_ugl,9.4
Q1,2007-12-11,k_mgl,0.8775000000000001
Q1,2007-12-11,no3n_ugl,132.625
Q1,2007-12-11,mg_mgl,3.07
Q1,2007-12-11,ca_mgl,6.0475
Q1,2007-12-11,nh4n_ugl,8.75
Q1,2008-02-12,k_mgl,0.8788888888888889
Q1,2008-02-12,no3n_ugl,159
Q1,2008-02-12,mg_mgl,3.5977777777777775
Q1,2008-02-12,ca_mgl,6.448888888888889
Q1,2008-02-12,nh4n_ugl,28
Q1,2008-04-15,k_mgl,0.9055555555555556
Q1,2008-04-15,no3n_ugl,136.77777777777777
Q1,2008-04-15,mg_mgl,3.4322222222222223
Q1,2008-04-15,ca_mgl,6.5344444444444445
Q1,2008-04-15,nh4n_ugl,NA
Q1,2008-06-17,k_mgl,0.77
Q1,2008-06-17,no3n_ugl,149.875
Q1,2008-06-17,mg_mgl,3.555
Q1,2008-06-17,ca_mgl,6.0562499999999995
Q1,2008-06-17,nh4n_ugl,14.5
Q1,2008-08-19,k_mgl,0.8522222222222222
Q1,2008-08-19,no3n_ugl,146.33333333333334
Q1,2008-08-19,mg_mgl,3.2777777777777777
Q1,2008-08-19,ca_mgl,5.195555555555556
Q1,2008-08-19,nh4n_ugl,10.4
Q1,2008-10-21,k_mgl,0.7266666666666667
Q1,2008-10-21,no3n_ugl,159.5
Q1,2008-10-21,mg_mgl,3.5122222222222224
Q1,2008-10-21,ca_mgl,5.166666666666667
Q1,2008-10-21,nh4n_ugl,8
Q1,2008-12-23,k_mgl,0.8555555555555555
Q1,2008-12-23,no3n_ugl,161.11111111111111
Q1,2008-12-23,mg_mgl,3.531111111111111
Q1,2008-12-23,ca_mgl,6.452222222222222
Q1,2008-12-23,nh4n_ugl,15
Q1,2009-02-24,k_mgl,0.9
Q1,2009-02-24,no3n_ugl,165
Q1,2009-02-24,mg_mgl,3.8175
Q1,2009-02-24,ca_mgl,7.38625
Q1,2009-02-24,nh4n_ugl,NA
Q1,2009-04-28,k_mgl,0.9877777777777778
Q1,2009-04-28,no3n_ugl,141.11111111111111
Q1,2009-04-28,mg_mgl,3.0844444444444443
Q1,2009-04-28,ca_mgl,5.553333333333334
Q1,2009-04-28,nh4n_ugl,6.333333333333333
Q1,2009-06-30,k_mgl,0.9588888888888889
Q1,2009-06-30,no3n_ugl,133
Q1,2009-06-30,mg_mgl,3.212222222222222
Q1,2009-06-30,ca_mgl,5.467777777777778
Q1,2009-06-30,nh4n_ugl,8.714285714285714
Q1,2009-09-01,k_mgl,0.9550000000000001
Q1,2009-09-01,no3n_ugl,108.875
Q1,2009-09-01,mg_mgl,3.1075
Q1,2009-09-01,ca_mgl,6.1175
Q1,2009-09-01,nh4n_ugl,15
Q1,2009-11-03,k_mgl,0.8833333333333333
Q1,2009-11-03,no3n_ugl,108.22222222222223
Q1,2009-11-03,mg_mgl,2.741111111111111
Q1,2009-11-03,ca_mgl,5.405555555555556
Q1,2009-11-03,nh4n_ugl,13.4
Q1,2010-01-05,k_mgl,0.79
Q1,2010-01-05,no3n_ugl,142.22222222222223
Q1,2010-01-05,mg_mgl,2.8788888888888886
Q1,2010-01-05,ca_mgl,5.826666666666667
Q1,2010-01-05,nh4n_ugl,20.5
Q1,2010-03-09,k_mgl,0.8811111111111111
Q1,2010-03-09,no3n_ugl,113.22222222222223
Q1,2010-03-09,mg_mgl,2.148888888888889
Q1,2010-03-09,ca_mgl,4.52875
Q1,2010-03-09,nh4n_ugl,24
Q1,2010-05-11,k_mgl,0.8425
Q1,2010-05-11,no3n_ugl,123.5
Q1,2010-05-11,mg_mgl,2.6725
Q1,2010-05-11,ca_mgl,4.7725
Q1,2010-05-11,nh4n_ugl,13.571428571428571
Q1,2010-07-13,k_mgl,1.02
Q1,2010-07-13,no3n_ugl,143
Q1,2010-07-13,mg_mgl,2.70125
Q1,2010-07-13,ca_mgl,4.74375
Q1,2010-07-13,nh4n_ugl,20.75
Q1,2010-09-14,k_mgl,0.9977777777777778
Q1,2010-09-14,no3n_ugl,171.11111111111111
Q1,2010-09-14,mg_mgl,3.1533333333333333
Q1,2010-09-14,ca_mgl,5.977777777777778
Q1,2010-09-14,nh4n_ugl,7.75
Q1,2010-11-16,k_mgl,1.0911111111111111
Q1,2010-11-16,no3n_ugl,151.375
Q1,2010-11-16,mg_mgl,2.9188888888888886
Q1,2010-11-16,ca_mgl,5.233333333333333
Q1,2010-11-16,nh4n_ugl,13.666666666666666
Q1,2011-01-18,k_mgl,0.8422222222222222
Q1,2011-01-18,no3n_ugl,143.42857142857142
Q1,2011-01-18,mg_mgl,3.1888888888888887
Q1,2011-01-18,ca_mgl,6.438888888888889
Q1,2011-01-18,nh4n_ugl,5
Q1,2011-03-22,k_mgl,0.83
Q1,2011-03-22,no3n_ugl,93.16666666666667
Q1,2011-03-22,mg_mgl,2.9833333333333334
Q1,2011-03-22,ca_mgl,5.9655555555555555
Q1,2011-03-22,nh4n_ugl,12
Q1,2011-05-24,k_mgl,0.8655555555555555
Q1,2011-05-24,no3n_ugl,140.66666666666666
Q1,2011-05-24,mg_mgl,2.6044444444444443
Q1,2011-05-24,ca_mgl,5.861111111111111
Q1,2011-05-24,nh4n_ugl,7
Q1,2011-07-26,k_mgl,0.9071428571428571
Q1,2011-07-26,no3n_ugl,98.83333333333333
Q1,2011-07-26,mg_mgl,2.54
Q1,2011-07-26,ca_mgl,5.1085714285714285
Q1,2011-07-26,nh4n_ugl,124
Q1,2011-09-27,k_mgl,0.8788888888888889
Q1,2011-09-27,no3n_ugl,132.75
Q1,2011-09-27,mg_mgl,3.0522222222222224
Q1,2011-09-27,ca_mgl,6.457777777777777
Q1,2011-09-27,nh4n_ugl,9.4
Q1,2011-11-29,k_mgl,0.8477777777777777
Q1,2011-11-29,no3n_ugl,147.375
Q1,2011-11-29,mg_mgl,2.8944444444444444
Q1,2011-11-29,ca_mgl,6.511111111111111
Q1,2011-11-29,nh4n_ugl,8.5
Q1,2012-01-31,k_mgl,0.8233333333333334
Q1,2012-01-31,no3n_ugl,115.83333333333333
Q1,2012-01-31,mg_mgl,3.2055555555555557
Q1,2012-01-31,ca_mgl,6.781111111111111
Q1,2012-01-31,nh4n_ugl,NA
Q1,2012-04-03,k_mgl,0.85
Q1,2012-04-03,no3n_ugl,93.33333333333333
Q1,2012-04-03,mg_mgl,2.8722222222222222
Q1,2012-04-03,ca_mgl,6.081111111111111
Q1,2012-04-03,nh4n_ugl,NA
Q1,2012-06-05,k_mgl,0.78375
Q1,2012-06-05,no3n_ugl,97
Q1,2012-06-05,mg_mgl,2.83875
Q1,2012-06-05,ca_mgl,5.34375
Q1,2012-06-05,nh4n_ugl,33
Q1,2012-08-07,k_mgl,0.7377777777777778
Q1,2012-08-07,no3n_ugl,80.83333333333333
Q1,2012-08-07,mg_mgl,2.988888888888889
Q1,2012-08-07,ca_mgl,5.832222222222222
Q1,2012-08-07,nh4n_ugl,8
Q1,2012-10-09,k_mgl,0.87
Q1,2012-10-09,no3n_ugl,57
Q1,2012-10-09,mg_mgl,2.77
Q1,2012-10-09,ca_mgl,5.204444444444444
Q1,2012-10-09,nh4n_ugl,10
Q1,2012-12-11,k_mgl,0.9066666666666667
Q1,2012-12-11,no3n_ugl,115
Q1,2012-12-11,mg_mgl,3.091111111111111
Q1,2012-12-11,ca_mgl,6.035555555555556
Q1,2012-12-11,nh4n_ugl,16.333333333333332
Q1,2013-02-12,k_mgl,0.8322222222222222
Q1,2013-02-12,no3n_ugl,105.375
Q1,2013-02-12,mg_mgl,2.6766666666666667
Q1,2013-02-12,ca_mgl,4.542222222222222
Q1,2013-02-12,nh4n_ugl,22
Q1,2013-04-16,k_mgl,0.8522222222222222
Q1,2013-04-16,no3n_ugl,42.333333333333336
Q1,2013-04-16,mg_mgl,2.772222222222222
Q1,2013-04-16,ca_mgl,5.15
Q1,2013-04-16,nh4n_ugl,NA
Q1,2013-06-18,k_mgl,0.6985714285714286
Q1,2013-06-18,no3n_ugl,60.666666666666664
Q1,2013-06-18,mg_mgl,2.35
Q1,2013-06-18,ca_mgl,5.0024999999999995
Q1,2013-06-18,nh4n_ugl,13.666666666666666
Q1,2013-08-20,k_mgl,0.6742857142857143
Q1,2013-08-20,no3n_ugl,50
Q1,2013-08-20,mg_mgl,3.047142857142857
Q1,2013-08-20,ca_mgl,6.357142857142858
Q1,2013-08-20,nh4n_ugl,18.333333333333332
Q1,2013-10-22,k_mgl,0.8688888888888888
Q1,2013-10-22,no3n_ugl,136.5
Q1,2013-10-22,mg_mgl,2.7311111111111113
Q1,2013-10-22,ca_mgl,5.025555555555556
Q1,2013-10-22,nh4n_ugl,20.833333333333332
Q1,2013-12-24,k_mgl,0.8933333333333333
Q1,2013-12-24,no3n_ugl,135
Q1,2013-12-24,mg_mgl,3.013333333333333
Q1,2013-12-24,ca_mgl,5.207777777777777
Q1,2013-12-24,nh4n_ugl,19
Q1,2014-02-25,k_mgl,0.75375
Q1,2014-02-25,no3n_ugl,136
Q1,2014-02-25,mg_mgl,2.91
Q1,2014-02-25,ca_mgl,5.0725
Q1,2014-02-25,nh4n_ugl,12.2
Q1,2014-04-29,k_mgl,0.9055555555555556
Q1,2014-04-29,no3n_ugl,121
Q1,2014-04-29,mg_mgl,3.4266666666666667
Q1,2014-04-29,ca_mgl,5.681111111111111
Q1,2014-04-29,nh4n_ugl,8
Q1,2014-07-01,k_mgl,0.895
Q1,2014-07-01,no3n_ugl,132.25
Q1,2014-07-01,mg_mgl,3.405
Q1,2014-07-01,ca_mgl,5.895
Q1,2014-07-01,nh4n_ugl,9.333333333333334
Q1,2014-09-02,k_mgl,0.9466666666666667
Q1,2014-09-02,no3n_ugl,131.66666666666666
Q1,2014-09-02,mg_mgl,3.562222222222222
Q1,2014-09-02,ca_mgl,6.148888888888889
Q1,2014-09-02,nh4n_ugl,17.8
Q1,2014-11-04,k_mgl,0.833
Q1,2014-11-04,no3n_ugl,89.83333333333333
Q1,2014-11-04,mg_mgl,2.779
Q1,2014-11-04,ca_mgl,5.125
Q1,2014-11-04,nh4n_ugl,15
Q1,2015-01-06,k_mgl,0.8987499999999999
Q1,2015-01-06,no3n_ugl,117.6
Q1,2015-01-06,mg_mgl,3.22375
Q1,2015-01-06,ca_mgl,5.9475
Q1,2015-01-06,nh4n_ugl,12.25
Q1,2015-03-10,k_mgl,0.9911111111111112
Q1,2015-03-10,no3n_ugl,127.25
Q1,2015-03-10,mg_mgl,3.6844444444444444
Q1,2015-03-10,ca_mgl,6.555555555555555
Q1,2015-03-10,nh4n_ugl,11
Q1,2015-05-12,k_mgl,1.0875
Q1,2015-05-12,no3n_ugl,118
Q1,2015-05-12,mg_mgl,3.9025
Q1,2015-05-12,ca_mgl,7.49375
Q1,2015-05-12,nh4n_ugl,10
Q1,2015-07-14,k_mgl,0.8166666666666667
Q1,2015-07-14,no3n_ugl,122.75
Q1,2015-07-14,mg_mgl,3.3266666666666667
Q1,2015-07-14,ca_mgl,6.423333333333334
Q1,2015-07-14,nh4n_ugl,13
Q1,2015-09-15,k_mgl,0.8322222222222222
Q1,2015-09-15,no3n_ugl,162.33333333333334
Q1,2015-09-15,mg_mgl,3.18
Q1,2015-09-15,ca_mgl,5.8
Q1,2015-09-15,nh4n_ugl,12.4
Q1,2015-11-17,k_mgl,0.8677777777777778
Q1,2015-11-17,no3n_ugl,115.85714285714286
Q1,2015-11-17,mg_mgl,3.2444444444444445
Q1,2015-11-17,ca_mgl,6.405555555555556
Q1,2015-11-17,nh4n_ugl,6
Q1,2016-01-19,k_mgl,0.885
Q1,2016-01-19,no3n_ugl,90
Q1,2016-01-19,mg_mgl,2.995
Q1,2016-01-19,ca_mgl,6.375
Q1,2016-01-19,nh4n_ugl,5
Q1,2016-03-22,k_mgl,1.038888888888889
Q1,2016-03-22,no3n_ugl,107.66666666666667
Q1,2016-03-22,mg_mgl,3.3622222222222224
Q1,2016-03-22,ca_mgl,6.842222222222222
Q1,2016-03-22,nh4n_ugl,14.333333333333334
Q1,2016-05-24,k_mgl,0.9244444444444444
Q1,2016-05-24,no3n_ugl,101.55555555555556
Q1,2016-05-24,mg_mgl,2.9766666666666666
Q1,2016-05-24,ca_mgl,6
Q1,2016-05-24,nh4n_ugl,9.25
Q1,2016-07-26,k_mgl,0.9311111111111111
Q1,2016-07-26,no3n_ugl,95.625
Q1,2016-07-26,mg_mgl,2.9044444444444446
Q1,2016-07-26,ca_mgl,5.6433333333333335
Q1,2016-07-26,nh4n_ugl,6.666666666666667
Q1,2016-09-27,k_mgl,0.9388888888888889
Q1,2016-09-27,no3n_ugl,121.44444444444444
Q1,2016-09-27,mg_mgl,3.022222222222222
Q1,2016-09-27,ca_mgl,5.832222222222223
Q1,2016-09-27,nh4n_ugl,NA
Q1,2016-11-29,k_mgl,0.9388888888888889
Q1,2016-11-29,no3n_ugl,133.44444444444446
Q1,2016-11-29,mg_mgl,2.6055555555555556
Q1,2016-11-29,ca_mgl,5.036666666666666
Q1,2016-11-29,nh4n_ugl,6.666666666666667
Q1,2017-01-31,k_mgl,0.9766666666666667
Q1,2017-01-31,no3n_ugl,117.11111111111111
Q1,2017-01-31,mg_mgl,2.94
Q1,2017-01-31,ca_mgl,5.365555555555556
Q1,2017-01-31,nh4n_ugl,67.5
Q1,2017-04-04,k_mgl,0.99
Q1,2017-04-04,no3n_ugl,109.16666666666667
Q1,2017-04-04,mg_mgl,2.7644444444444445
Q1,2017-04-04,ca_mgl,5.064444444444445
Q1,2017-04-04,nh4n_ugl,8
Q1,2017-06-06,k_mgl,0.9177777777777778
Q1,2017-06-06,no3n_ugl,110.44444444444444
Q1,2017-06-06,mg_mgl,3.307777777777778
Q1,2017-06-06,ca_mgl,5.997777777777777
Q1,2017-06-06,nh4n_ugl,28
Q1,2017-08-08,k_mgl,0.985
Q1,2017-08-08,no3n_ugl,120.75
Q1,2017-08-08,mg_mgl,3.0375
Q1,2017-08-08,ca_mgl,5.382499999999999
Q1,2017-08-08,nh4n_ugl,6
Q1,2017-10-10,k_mgl,1.254
Q1,2017-10-10,no3n_ugl,68.8
Q1,2017-10-10,mg_mgl,2.566
Q1,2017-10-10,ca_mgl,4.734
Q1,2017-10-10,nh4n_ugl,8
Q1,2017-12-12,k_mgl,1.2255555555555555
Q1,2017-12-12,no3n_ugl,164.625
Q1,2017-12-12,mg_mgl,2.8266666666666667
Q1,2017-12-12,ca_mgl,5.2122222222222225
Q1,2017-12-12,nh4n_ugl,20
Q1,2018-02-13,k_mgl,0.9400000000000001
Q1,2018-02-13,no3n_ugl,88
Q1,2018-02-13,mg_mgl,2.5766666666666667
Q1,2018-02-13,ca_mgl,5.155555555555555
Q1,2018-02-13,nh4n_ugl,8
Q1,2018-04-17,k_mgl,1.0077777777777779
Q1,2018-04-17,no3n_ugl,57
Q1,2018-04-17,mg_mgl,2.8111111111111113
Q1,2018-04-17,ca_mgl,5.323333333333333
Q1,2018-04-17,nh4n_ugl,11.75
Q1,2018-06-19,k_mgl,0.9933333333333333
Q1,2018-06-19,no3n_ugl,81
Q1,2018-06-19,mg_mgl,3.04
Q1,2018-06-19,ca_mgl,5.904444444444445
Q1,2018-06-19,nh4n_ugl,10
Q1,2018-08-21,k_mgl,1.064
Q1,2018-08-21,no3n_ugl,72
Q1,2018-08-21,mg_mgl,2.906
Q1,2018-08-21,ca_mgl,5.37
Q1,2018-08-21,nh4n_ugl,6
Q1,2018-10-23,k_mgl,0.96
Q1,2018-10-23,no3n_ugl,82.16666666666667
Q1,2018-10-23,mg_mgl,2.802857142857143
Q1,2018-10-23,ca_mgl,5.345714285714286
Q1,2018-10-23,nh4n_ugl,7
Q1,2018-12-25,k_mgl,0.90625
Q1,2018-12-25,no3n_ugl,57.4
Q1,2018-12-25,mg_mgl,3.335
Q1,2018-12-25,ca_mgl,6.195
Q1,2018-12-25,nh4n_ugl,6
Q1,2019-02-26,k_mgl,0.9144444444444444
Q1,2019-02-26,no3n_ugl,92.5
Q1,2019-02-26,mg_mgl,3.341111111111111
Q1,2019-02-26,ca_mgl,6.39
Q1,2019-02-26,nh4n_ugl,12
Q1,2019-04-30,k_mgl,0.8966666666666666
Q1,2019-04-30,no3n_ugl,63.714285714285715
Q1,2019-04-30,mg_mgl,3.1688888888888886
Q1,2019-04-30,ca_mgl,5.982222222222222
Q1,2019-04-30,nh4n_ugl,NA
Q1,2019-07-02,k_mgl,0.8655555555555555
Q1,2019-07-02,no3n_ugl,78.5
Q1,2019-07-02,mg_mgl,2.9588888888888887
Q1,2019-07-02,ca_mgl,5.556666666666667
Q1,2019-07-02,nh4n_ugl,7.333333333333333
Q1,2019-09-03,k_mgl,0.9033333333333333
Q1,2019-09-03,no3n_ugl,105.6
Q1,2019-09-03,mg_mgl,3.11
Q1,2019-09-03,ca_mgl,5.3533333333333335
Q1,2019-09-03,nh4n_ugl,5.6
Q1,2019-11-05,k_mgl,0.9933333333333333
Q1,2019-11-05,no3n_ugl,114.625
Q1,2019-11-05,mg_mgl,2.7622222222222224
Q1,2019-11-05,ca_mgl,5.04
Q1,2019-11-05,nh4n_ugl,8
Q1,2020-01-07,k_mgl,0.8866666666666667
Q1,2020-01-07,no3n_ugl,128
Q1,2020-01-07,mg_mgl,2.641111111111111
Q1,2020-01-07,ca_mgl,4.823333333333333
Q1,2020-01-07,nh4n_ugl,14
Q1,2020-03-10,k_mgl,1.03
Q1,2020-03-10,no3n_ugl,129
Q1,2020-03-10,mg_mgl,3.435
Q1,2020-03-10,ca_mgl,7.109999999999999
Q1,2020-03-10,nh4n_ugl,NA
Q1,2020-05-12,k_mgl,0.92
Q1,2020-05-12,no3n_ugl,67
Q1,2020-05-12,mg_mgl,1.82
Q1,2020-05-12,ca_mgl,3.57
Q1,2020-05-12,nh4n_ugl,18
Q1,2020-07-14,k_mgl,0.9185714285714286
Q1,2020-07-14,no3n_ugl,108.57142857142857
Q1,2020-07-14,mg_mgl,2.9485714285714284
Q1,2020-07-14,ca_mgl,5.925714285714286
Q1,2020-07-14,nh4n_ugl,8.75
Q1,2020-09-15,k_mgl,0.95
Q1,2020-09-15,no3n_ugl,136.75
Q1,2020-09-15,mg_mgl,2.785
Q1,2020-09-15,ca_mgl,4.965
Q1,2020-09-15,nh4n_ugl,9.166666666666666
Q1,2020-11-17,k_mgl,1.0150000000000001
Q1,2020-11-17,no3n_ugl,145.33333333333334
Q1,2020-11-17,mg_mgl,3.175
Q1,2020-11-17,ca_mgl,5.890000000000001
Q1,2020-11-17,nh4n_ugl,10.285714285714286
Q2,1986-05-20,k_mgl,0.79
Q2,1986-05-20,no3n_ugl,208.66666666666666
Q2,1986-05-20,mg_mgl,3.0033333333333334
Q2,1986-05-20,ca_mgl,4.9
Q2,1986-05-20,nh4n_ugl,NA
Q2,1986-07-22,k_mgl,NA
Q2,1986-07-22,no3n_ugl,NA
Q2,1986-07-22,mg_mgl,NA
Q2,1986-07-22,ca_mgl,NA
Q2,1986-07-22,nh4n_ugl,NA
Q2,1986-09-23,k_mgl,0.716
Q2,1986-09-23,no3n_ugl,206.6
Q2,1986-09-23,mg_mgl,2.43
Q2,1986-09-23,ca_mgl,4.946
Q2,1986-09-23,nh4n_ugl,22.6
Q2,1986-11-25,k_mgl,0.6922222222222223
Q2,1986-11-25,no3n_ugl,268.1111111111111
Q2,1986-11-25,mg_mgl,2.5211111111111113
Q2,1986-11-25,ca_mgl,4.742222222222222
Q2,1986-11-25,nh4n_ugl,17.25
Q2,1987-01-27,k_mgl,0.76
Q2,1987-01-27,no3n_ugl,219.625
Q2,1987-01-27,mg_mgl,2.658888888888889
Q2,1987-01-27,ca_mgl,4.924444444444444
Q2,1987-01-27,nh4n_ugl,14
Q2,1987-03-31,k_mgl,0.9455555555555556
Q2,1987-03-31,no3n_ugl,259.85714285714283
Q2,1987-03-31,mg_mgl,2.29
Q2,1987-03-31,ca_mgl,4.682222222222222
Q2,1987-03-31,nh4n_ugl,39
Q2,1987-06-02,k_mgl,0.8188888888888889
Q2,1987-06-02,no3n_ugl,232.77777777777777
Q2,1987-06-02,mg_mgl,2.49
Q2,1987-06-02,ca_mgl,4.915555555555556
Q2,1987-06-02,nh4n_ugl,70.66666666666667
Q2,1987-08-04,k_mgl,0.8530769230769231
Q2,1987-08-04,no3n_ugl,231.3846153846154
Q2,1987-08-04,mg_mgl,2.037692307692308
Q2,1987-08-04,ca_mgl,4.03
Q2,1987-08-04,nh4n_ugl,32.84615384615385
Q2,1987-10-06,k_mgl,0.856
Q2,1987-10-06,no3n_ugl,191
Q2,1987-10-06,mg_mgl,2.0949999999999998
Q2,1987-10-06,ca_mgl,4.21
Q2,1987-10-06,nh4n_ugl,12.1
Q2,1987-12-08,k_mgl,0.8668421052631579
Q2,1987-12-08,no3n_ugl,253.86666666666667
Q2,1987-12-08,mg_mgl,2.04
Q2,1987-12-08,ca_mgl,4.324736842105263
Q2,1987-12-08,nh4n_ugl,18.36842105263158
Q2,1988-02-09,k_mgl,0.7775
Q2,1988-02-09,no3n_ugl,185
Q2,1988-02-09,mg_mgl,2.34625
Q2,1988-02-09,ca_mgl,4.33875
Q2,1988-02-09,nh4n_ugl,18.857142857142858
Q2,1988-04-12,k_mgl,0.807
Q2,1988-04-12,no3n_ugl,216.7
Q2,1988-04-12,mg_mgl,2.187
Q2,1988-04-12,ca_mgl,3.868
Q2,1988-04-12,nh4n_ugl,57.55555555555556
Q2,1988-06-14,k_mgl,0.7545454545454545
Q2,1988-06-14,no3n_ugl,NA
Q2,1988-06-14,mg_mgl,2.2381818181818183
Q2,1988-06-14,ca_mgl,3.561818181818182
Q2,1988-06-14,nh4n_ugl,67.5
Q2,1988-08-16,k_mgl,0.7761538461538462
Q2,1988-08-16,no3n_ugl,184.72727272727272
Q2,1988-08-16,mg_mgl,2.0591666666666666
Q2,1988-08-16,ca_mgl,3.805
Q2,1988-08-16,nh4n_ugl,26.25
Q2,1988-10-18,k_mgl,0.8475
Q2,1988-10-18,no3n_ugl,224.125
Q2,1988-10-18,mg_mgl,2.38125
Q2,1988-10-18,ca_mgl,4.18625
Q2,1988-10-18,nh4n_ugl,61
Q2,1988-12-20,k_mgl,0.9077777777777778
Q2,1988-12-20,no3n_ugl,219.11111111111111
Q2,1988-12-20,mg_mgl,2.4833333333333334
Q2,1988-12-20,ca_mgl,4.488888888888889
Q2,1988-12-20,nh4n_ugl,NA
Q2,1989-02-21,k_mgl,0.8377777777777777
Q2,1989-02-21,no3n_ugl,224.9
Q2,1989-02-21,mg_mgl,2.7688888888888887
Q2,1989-02-21,ca_mgl,4.62
Q2,1989-02-21,nh4n_ugl,NA
Q2,1989-04-25,k_mgl,0.9366666666666666
Q2,1989-04-25,no3n_ugl,174
Q2,1989-04-25,mg_mgl,2.6755555555555555
Q2,1989-04-25,ca_mgl,4.58
Q2,1989-04-25,nh4n_ugl,NA
Q2,1989-06-27,k_mgl,1.0044444444444445
Q2,1989-06-27,no3n_ugl,176
Q2,1989-06-27,mg_mgl,2.3566666666666665
Q2,1989-06-27,ca_mgl,4.605555555555556
Q2,1989-06-27,nh4n_ugl,NA
Q2,1989-08-29,k_mgl,1.1718181818181819
Q2,1989-08-29,no3n_ugl,137.42857142857142
Q2,1989-08-29,mg_mgl,2.789
Q2,1989-08-29,ca_mgl,5.341
Q2,1989-08-29,nh4n_ugl,NA
Q2,1989-10-31,k_mgl,1.339
Q2,1989-10-31,no3n_ugl,424.3
Q2,1989-10-31,mg_mgl,3.138
Q2,1989-10-31,ca_mgl,6.071
Q2,1989-10-31,nh4n_ugl,NA
Q2,1990-01-02,k_mgl,1.3822222222222222
Q2,1990-01-02,no3n_ugl,194.75
Q2,1990-01-02,mg_mgl,3.12
Q2,1990-01-02,ca_mgl,6.677777777777778
Q2,1990-01-02,nh4n_ugl,NA
Q2,1990-03-06,k_mgl,1.393076923076923
Q2,1990-03-06,no3n_ugl,460.90909090909093
Q2,1990-03-06,mg_mgl,2.46
Q2,1990-03-06,ca_mgl,5.222307692307692
Q2,1990-03-06,nh4n_ugl,NA
Q2,1990-05-08,k_mgl,1.262
Q2,1990-05-08,no3n_ugl,301.5
Q2,1990-05-08,mg_mgl,3.079
Q2,1990-05-08,ca_mgl,6.397
Q2,1990-05-08,nh4n_ugl,NA
Q2,1990-07-10,k_mgl,0.9955555555555555
Q2,1990-07-10,no3n_ugl,177.44444444444446
Q2,1990-07-10,mg_mgl,3.2844444444444445
Q2,1990-07-10,ca_mgl,7.045555555555556
Q2,1990-07-10,nh4n_ugl,NA
Q2,1990-09-11,k_mgl,0.8822222222222222
Q2,1990-09-11,no3n_ugl,101
Q2,1990-09-11,mg_mgl,2.76
Q2,1990-09-11,ca_mgl,6.1322222222222225
Q2,1990-09-11,nh4n_ugl,NA
Q2,1990-11-13,k_mgl,1.0463636363636364
Q2,1990-11-13,no3n_ugl,211.45454545454547
Q2,1990-11-13,mg_mgl,2.9263636363636363
Q2,1990-11-13,ca_mgl,6.368181818181818
Q2,1990-11-13,nh4n_ugl,NA
Q2,1991-01-15,k_mgl,0.8288888888888889
Q2,1991-01-15,no3n_ugl,124.71428571428571
Q2,1991-01-15,mg_mgl,3.0255555555555556
Q2,1991-01-15,ca_mgl,6.865555555555556
Q2,1991-01-15,nh4n_ugl,NA
Q2,1991-03-19,k_mgl,0.8922222222222222
Q2,1991-03-19,no3n_ugl,77.44444444444444
Q2,1991-03-19,mg_mgl,2.92
Q2,1991-03-19,ca_mgl,5.662222222222222
Q2,1991-03-19,nh4n_ugl,NA
Q2,1991-05-21,k_mgl,1.078
Q2,1991-05-21,no3n_ugl,85.125
Q2,1991-05-21,mg_mgl,3.005
Q2,1991-05-21,ca_mgl,3.7439999999999998
Q2,1991-05-21,nh4n_ugl,NA
Q2,1991-07-23,k_mgl,1.271
Q2,1991-07-23,no3n_ugl,60.2
Q2,1991-07-23,mg_mgl,3.157
Q2,1991-07-23,ca_mgl,6.536
Q2,1991-07-23,nh4n_ugl,NA
Q2,1991-09-24,k_mgl,1.2816666666666667
Q2,1991-09-24,no3n_ugl,170.83333333333334
Q2,1991-09-24,mg_mgl,2.6133333333333333
Q2,1991-09-24,ca_mgl,4.645833333333333
Q2,1991-09-24,nh4n_ugl,NA
Q2,1991-11-26,k_mgl,1.198888888888889
Q2,1991-11-26,no3n_ugl,296.1111111111111
Q2,1991-11-26,mg_mgl,3.051111111111111
Q2,1991-11-26,ca_mgl,5.783333333333333
Q2,1991-11-26,nh4n_ugl,NA
Q2,1992-01-28,k_mgl,1.284
Q2,1992-01-28,no3n_ugl,191.11111111111111
Q2,1992-01-28,mg_mgl,2.969
Q2,1992-01-28,ca_mgl,6.08
Q2,1992-01-28,nh4n_ugl,NA
Q2,1992-03-31,k_mgl,1.1555555555555557
Q2,1992-03-31,no3n_ugl,135.125
Q2,1992-03-31,mg_mgl,2.8533333333333335
Q2,1992-03-31,ca_mgl,5.455555555555556
Q2,1992-03-31,nh4n_ugl,NA
Q2,1992-06-02,k_mgl,1.26
Q2,1992-06-02,no3n_ugl,58
Q2,1992-06-02,mg_mgl,2.9877777777777776
Q2,1992-06-02,ca_mgl,6.188888888888889
Q2,1992-06-02,nh4n_ugl,NA
Q2,1992-08-04,k_mgl,1.2733333333333332
Q2,1992-08-04,no3n_ugl,79.66666666666667
Q2,1992-08-04,mg_mgl,3.04
Q2,1992-08-04,ca_mgl,6.444444444444445
Q2,1992-08-04,nh4n_ugl,NA
Q2,1992-10-06,k_mgl,1.1822222222222223
Q2,1992-10-06,no3n_ugl,47.75
Q2,1992-10-06,mg_mgl,2.738888888888889
Q2,1992-10-06,ca_mgl,5.905555555555556
Q2,1992-10-06,nh4n_ugl,NA
Q2,1992-12-08,k_mgl,1.2344444444444445
Q2,1992-12-08,no3n_ugl,172
Q2,1992-12-08,mg_mgl,3.0322222222222224
Q2,1992-12-08,ca_mgl,6.345555555555555
Q2,1992-12-08,nh4n_ugl,NA
Q2,1993-02-09,k_mgl,1.38
Q2,1993-02-09,no3n_ugl,145.5
Q2,1993-02-09,mg_mgl,3.3477777777777775
Q2,1993-02-09,ca_mgl,6.855555555555555
Q2,1993-02-09,nh4n_ugl,NA
Q2,1993-04-13,k_mgl,1.3155555555555556
Q2,1993-04-13,no3n_ugl,89.75
Q2,1993-04-13,mg_mgl,2.8722222222222222
Q2,1993-04-13,ca_mgl,5.665555555555556
Q2,1993-04-13,nh4n_ugl,NA
Q2,1993-06-15,k_mgl,1.49
Q2,1993-06-15,no3n_ugl,95.4
Q2,1993-06-15,mg_mgl,3.163333333333333
Q2,1993-06-15,ca_mgl,7.022222222222222
Q2,1993-06-15,nh4n_ugl,NA
Q2,1993-08-17,k_mgl,1.2966666666666666
Q2,1993-08-17,no3n_ugl,61.625
Q2,1993-08-17,mg_mgl,2.8777777777777778
Q2,1993-08-17,ca_mgl,6.525555555555555
Q2,1993-08-17,nh4n_ugl,NA
Q2,1993-10-19,k_mgl,1.3855555555555557
Q2,1993-10-19,no3n_ugl,41.22222222222222
Q2,1993-10-19,mg_mgl,2.966666666666667
Q2,1993-10-19,ca_mgl,6.611111111111112
Q2,1993-10-19,nh4n_ugl,NA
Q2,1993-12-21,k_mgl,1.3711111111111112
Q2,1993-12-21,no3n_ugl,12.5
Q2,1993-12-21,mg_mgl,2.694444444444444
Q2,1993-12-21,ca_mgl,5.996666666666667
Q2,1993-12-21,nh4n_ugl,NA
Q2,1994-02-22,k_mgl,1.3444444444444446
Q2,1994-02-22,no3n_ugl,37.5
Q2,1994-02-22,mg_mgl,2.9522222222222223
Q2,1994-02-22,ca_mgl,6.587777777777778
Q2,1994-02-22,nh4n_ugl,NA
Q2,1994-04-26,k_mgl,1.3925
Q2,1994-04-26,no3n_ugl,22.25
Q2,1994-04-26,mg_mgl,3.24125
Q2,1994-04-26,ca_mgl,6.95875
Q2,1994-04-26,nh4n_ugl,NA
Q2,1994-06-28,k_mgl,1.1633333333333333
Q2,1994-06-28,no3n_ugl,145.5
Q2,1994-06-28,mg_mgl,2.4833333333333334
Q2,1994-06-28,ca_mgl,5.0649999999999995
Q2,1994-06-28,nh4n_ugl,NA
Q2,1994-08-30,k_mgl,1.32
Q2,1994-08-30,no3n_ugl,NA
Q2,1994-08-30,mg_mgl,1.975
Q2,1994-08-30,ca_mgl,4.325
Q2,1994-08-30,nh4n_ugl,NA
Q2,1994-11-01,k_mgl,1.25375
Q2,1994-11-01,no3n_ugl,NA
Q2,1994-11-01,mg_mgl,2.48875
Q2,1994-11-01,ca_mgl,5.3075
Q2,1994-11-01,nh4n_ugl,NA
Q2,1995-01-03,k_mgl,1.15625
Q2,1995-01-03,no3n_ugl,NA
Q2,1995-01-03,mg_mgl,2.9475
Q2,1995-01-03,ca_mgl,6.3
Q2,1995-01-03,nh4n_ugl,NA
Q2,1995-03-07,k_mgl,1.1066666666666667
Q2,1995-03-07,no3n_ugl,NA
Q2,1995-03-07,mg_mgl,3.0083333333333333
Q2,1995-03-07,ca_mgl,6.4383333333333335
Q2,1995-03-07,nh4n_ugl,NA
Q2,1995-05-09,k_mgl,1.134
Q2,1995-05-09,no3n_ugl,NA
Q2,1995-05-09,mg_mgl,2.846
Q2,1995-05-09,ca_mgl,6
Q2,1995-05-09,nh4n_ugl,NA
Q2,1995-07-11,k_mgl,1.055
Q2,1995-07-11,no3n_ugl,NA
Q2,1995-07-11,mg_mgl,2.935
Q2,1995-07-11,ca_mgl,6.38
Q2,1995-07-11,nh4n_ugl,NA
Q2,1995-09-12,k_mgl,NA
Q2,1995-09-12,no3n_ugl,NA
Q2,1995-09-12,mg_mgl,NA
Q2,1995-09-12,ca_mgl,NA
Q2,1995-09-12,nh4n_ugl,NA
Q2,1995-11-14,k_mgl,1.4224999999999999
Q2,1995-11-14,no3n_ugl,NA
Q2,1995-11-14,mg_mgl,3.54
Q2,1995-11-14,ca_mgl,7.6775
Q2,1995-11-14,nh4n_ugl,NA
Q2,1996-01-16,k_mgl,1.26125
Q2,1996-01-16,no3n_ugl,NA
Q2,1996-01-16,mg_mgl,3.1825
Q2,1996-01-16,ca_mgl,6.785
Q2,1996-01-16,nh4n_ugl,NA
Q2,1996-03-19,k_mgl,1.123
Q2,1996-03-19,no3n_ugl,NA
Q2,1996-03-19,mg_mgl,2.888
Q2,1996-03-19,ca_mgl,5.861
Q2,1996-03-19,nh4n_ugl,NA
Q2,1996-05-21,k_mgl,1.3544444444444443
Q2,1996-05-21,no3n_ugl,NA
Q2,1996-05-21,mg_mgl,2.8966666666666665
Q2,1996-05-21,ca_mgl,6.142222222222222
Q2,1996-05-21,nh4n_ugl,NA
Q2,1996-07-23,k_mgl,1.22
Q2,1996-07-23,no3n_ugl,321
Q2,1996-07-23,mg_mgl,3.118888888888889
Q2,1996-07-23,ca_mgl,6.585555555555556
Q2,1996-07-23,nh4n_ugl,NA
Q2,1996-09-24,k_mgl,1.135
Q2,1996-09-24,no3n_ugl,262.8
Q2,1996-09-24,mg_mgl,2.96125
Q2,1996-09-24,ca_mgl,6.28
Q2,1996-09-24,nh4n_ugl,NA
Q2,1996-11-26,k_mgl,1.19625
Q2,1996-11-26,no3n_ugl,314.25
Q2,1996-11-26,mg_mgl,2.99
Q2,1996-11-26,ca_mgl,7.0575
Q2,1996-11-26,nh4n_ugl,NA
Q2,1997-01-28,k_mgl,1.0477777777777777
Q2,1997-01-28,no3n_ugl,299.1111111111111
Q2,1997-01-28,mg_mgl,2.982222222222222
Q2,1997-01-28,ca_mgl,6.6177777777777775
Q2,1997-01-28,nh4n_ugl,NA
Q2,1997-04-01,k_mgl,1.09125
Q2,1997-04-01,no3n_ugl,158.875
Q2,1997-04-01,mg_mgl,2.80625
Q2,1997-04-01,ca_mgl,6.30125
Q2,1997-04-01,nh4n_ugl,NA
Q2,1997-06-03,k_mgl,0.9755555555555555
Q2,1997-06-03,no3n_ugl,131.5
Q2,1997-06-03,mg_mgl,2.7111111111111112
Q2,1997-06-03,ca_mgl,5.71
Q2,1997-06-03,nh4n_ugl,NA
Q2,1997-08-05,k_mgl,0.9966666666666667
Q2,1997-08-05,no3n_ugl,104.88888888888889
Q2,1997-08-05,mg_mgl,2.6822222222222223
Q2,1997-08-05,ca_mgl,5.9222222222222225
Q2,1997-08-05,nh4n_ugl,NA
Q2,1997-10-07,k_mgl,0.89625
Q2,1997-10-07,no3n_ugl,137.375
Q2,1997-10-07,mg_mgl,2.30375
Q2,1997-10-07,ca_mgl,4.65375
Q2,1997-10-07,nh4n_ugl,NA
Q2,1997-12-09,k_mgl,0.8242857142857143
Q2,1997-12-09,no3n_ugl,123.85714285714286
Q2,1997-12-09,mg_mgl,1.9633333333333334
Q2,1997-12-09,ca_mgl,4.704444444444444
Q2,1997-12-09,nh4n_ugl,22.8
Q2,1998-02-10,k_mgl,1.3077777777777777
Q2,1998-02-10,no3n_ugl,112
Q2,1998-02-10,mg_mgl,2.49
Q2,1998-02-10,ca_mgl,4.087777777777777
Q2,1998-02-10,nh4n_ugl,11.333333333333334
Q2,1998-04-14,k_mgl,1.1011111111111112
Q2,1998-04-14,no3n_ugl,100.75
Q2,1998-04-14,mg_mgl,2.4322222222222223
Q2,1998-04-14,ca_mgl,4.908888888888889
Q2,1998-04-14,nh4n_ugl,18.166666666666668
Q2,1998-06-16,k_mgl,0.8557142857142858
Q2,1998-06-16,no3n_ugl,107
Q2,1998-06-16,mg_mgl,2.5
Q2,1998-06-16,ca_mgl,5.384285714285714
Q2,1998-06-16,nh4n_ugl,8
Q2,1998-08-18,k_mgl,1.1713333333333333
Q2,1998-08-18,no3n_ugl,176.85714285714286
Q2,1998-08-18,mg_mgl,2.51
Q2,1998-08-18,ca_mgl,5.642666666666667
Q2,1998-08-18,nh4n_ugl,9.333333333333334
Q2,1998-10-20,k_mgl,1.2144444444444444
Q2,1998-10-20,no3n_ugl,352.55555555555554
Q2,1998-10-20,mg_mgl,2.577777777777778
Q2,1998-10-20,ca_mgl,6.316666666666666
Q2,1998-10-20,nh4n_ugl,NA
Q2,1998-12-22,k_mgl,1.0977777777777777
Q2,1998-12-22,no3n_ugl,341
Q2,1998-12-22,mg_mgl,3.192222222222222
Q2,1998-12-22,ca_mgl,6.183333333333334
Q2,1998-12-22,nh4n_ugl,25.6
Q2,1999-02-23,k_mgl,1.1655555555555557
Q2,1999-02-23,no3n_ugl,279.3333333333333
Q2,1999-02-23,mg_mgl,3.2044444444444444
Q2,1999-02-23,ca_mgl,6.612222222222222
Q2,1999-02-23,nh4n_ugl,5.5
Q2,1999-04-27,k_mgl,1.2077777777777778
Q2,1999-04-27,no3n_ugl,200.33333333333334
Q2,1999-04-27,mg_mgl,2.901111111111111
Q2,1999-04-27,ca_mgl,6.057777777777778
Q2,1999-04-27,nh4n_ugl,6
Q2,1999-06-29,k_mgl,1.0222222222222221
Q2,1999-06-29,no3n_ugl,136.66666666666666
Q2,1999-06-29,mg_mgl,2.3844444444444446
Q2,1999-06-29,ca_mgl,4.648888888888889
Q2,1999-06-29,nh4n_ugl,8
Q2,1999-08-31,k_mgl,0.9766666666666667
Q2,1999-08-31,no3n_ugl,209
Q2,1999-08-31,mg_mgl,2.5011111111111113
Q2,1999-08-31,ca_mgl,5.2588888888888885
Q2,1999-08-31,nh4n_ugl,11
Q2,1999-11-02,k_mgl,0.8875
Q2,1999-11-02,no3n_ugl,269.6
Q2,1999-11-02,mg_mgl,2.8066666666666666
Q2,1999-11-02,ca_mgl,5.097777777777778
Q2,1999-11-02,nh4n_ugl,NA
Q2,2000-01-04,k_mgl,0.8355555555555556
Q2,2000-01-04,no3n_ugl,216.55555555555554
Q2,2000-01-04,mg_mgl,2.8233333333333333
Q2,2000-01-04,ca_mgl,5.558888888888889
Q2,2000-01-04,nh4n_ugl,11.25
Q2,2000-03-07,k_mgl,1
Q2,2000-03-07,no3n_ugl,225.8
Q2,2000-03-07,mg_mgl,3.32
Q2,2000-03-07,ca_mgl,6.494
Q2,2000-03-07,nh4n_ugl,9
Q2,2000-05-09,k_mgl,0.89
Q2,2000-05-09,no3n_ugl,75.66666666666667
Q2,2000-05-09,mg_mgl,2.006666666666667
Q2,2000-05-09,ca_mgl,4.39
Q2,2000-05-09,nh4n_ugl,6
Q2,2000-07-11,k_mgl,0.9375
Q2,2000-07-11,no3n_ugl,126
Q2,2000-07-11,mg_mgl,2.5149999999999997
Q2,2000-07-11,ca_mgl,5.7125
Q2,2000-07-11,nh4n_ugl,12.5
Q2,2000-09-12,k_mgl,0.9066666666666667
Q2,2000-09-12,no3n_ugl,130.11111111111111
Q2,2000-09-12,mg_mgl,2.422222222222222
Q2,2000-09-12,ca_mgl,4.94
Q2,2000-09-12,nh4n_ugl,20
Q2,2000-11-14,k_mgl,0.9866666666666667
Q2,2000-11-14,no3n_ugl,170
Q2,2000-11-14,mg_mgl,2.8033333333333332
Q2,2000-11-14,ca_mgl,5.474444444444444
Q2,2000-11-14,nh4n_ugl,13.75
Q2,2001-01-16,k_mgl,0.95
Q2,2001-01-16,no3n_ugl,195.2
Q2,2001-01-16,mg_mgl,3.146
Q2,2001-01-16,ca_mgl,6.418
Q2,2001-01-16,nh4n_ugl,8.25
Q2,2001-03-20,k_mgl,0.9750000000000001
Q2,2001-03-20,no3n_ugl,66.25
Q2,2001-03-20,mg_mgl,2.0324999999999998
Q2,2001-03-20,ca_mgl,4.55
Q2,2001-03-20,nh4n_ugl,10
Q2,2001-05-22,k_mgl,1.08
Q2,2001-05-22,no3n_ugl,114.375
Q2,2001-05-22,mg_mgl,2.855
Q2,2001-05-22,ca_mgl,5.605
Q2,2001-05-22,nh4n_ugl,7.75
Q2,2001-07-24,k_mgl,1.0271428571428571
Q2,2001-07-24,no3n_ugl,107.71428571428571
Q2,2001-07-24,mg_mgl,2.8328571428571427
Q2,2001-07-24,ca_mgl,6.121428571428572
Q2,2001-07-24,nh4n_ugl,5
Q2,2001-09-25,k_mgl,1.08625
Q2,2001-09-25,no3n_ugl,154
Q2,2001-09-25,mg_mgl,2.66875
Q2,2001-09-25,ca_mgl,5.4275
Q2,2001-09-25,nh4n_ugl,13.5
Q2,2001-11-27,k_mgl,0.9966666666666667
Q2,2001-11-27,no3n_ugl,220.22222222222223
Q2,2001-11-27,mg_mgl,2.8133333333333335
Q2,2001-11-27,ca_mgl,5.191111111111111
Q2,2001-11-27,nh4n_ugl,9.333333333333334
Q2,2002-01-29,k_mgl,0.9855555555555555
Q2,2002-01-29,no3n_ugl,198.11111111111111
Q2,2002-01-29,mg_mgl,3.1066666666666665
Q2,2002-01-29,ca_mgl,5.951111111111111
Q2,2002-01-29,nh4n_ugl,7.8
Q2,2002-04-02,k_mgl,1.047777777777778
Q2,2002-04-02,no3n_ugl,122
Q2,2002-04-02,mg_mgl,2.5188888888888887
Q2,2002-04-02,ca_mgl,5.0311111111111115
Q2,2002-04-02,nh4n_ugl,7.428571428571429
Q2,2002-06-04,k_mgl,0.9555555555555556
Q2,2002-06-04,no3n_ugl,138.33333333333334
Q2,2002-06-04,mg_mgl,2.922222222222222
Q2,2002-06-04,ca_mgl,5.696666666666666
Q2,2002-06-04,nh4n_ugl,8.333333333333334
Q2,2002-08-06,k_mgl,0.994
Q2,2002-08-06,no3n_ugl,125.4
Q2,2002-08-06,mg_mgl,2.622
Q2,2002-08-06,ca_mgl,5.868
Q2,2002-08-06,nh4n_ugl,12.5
Q2,2002-10-08,k_mgl,0.91
Q2,2002-10-08,no3n_ugl,119.44444444444444
Q2,2002-10-08,mg_mgl,2.6222222222222222
Q2,2002-10-08,ca_mgl,5.771111111111111
Q2,2002-10-08,nh4n_ugl,11
Q2,2002-12-10,k_mgl,0.8911111111111111
Q2,2002-12-10,no3n_ugl,152.66666666666666
Q2,2002-12-10,mg_mgl,2.5733333333333333
Q2,2002-12-10,ca_mgl,5.497777777777777
Q2,2002-12-10,nh4n_ugl,10.88888888888889
Q2,2003-02-11,k_mgl,0.9666666666666667
Q2,2003-02-11,no3n_ugl,139.88888888888889
Q2,2003-02-11,mg_mgl,3.0477777777777777
Q2,2003-02-11,ca_mgl,6.912222222222223
Q2,2003-02-11,nh4n_ugl,10.5
Q2,2003-04-15,k_mgl,1.16
Q2,2003-04-15,no3n_ugl,173.77777777777777
Q2,2003-04-15,mg_mgl,2.42
Q2,2003-04-15,ca_mgl,4.561111111111111
Q2,2003-04-15,nh4n_ugl,10
Q2,2003-06-17,k_mgl,1.1133333333333333
Q2,2003-06-17,no3n_ugl,169
Q2,2003-06-17,mg_mgl,2.723333333333333
Q2,2003-06-17,ca_mgl,4.756666666666667
Q2,2003-06-17,nh4n_ugl,7.857142857142857
Q2,2003-08-19,k_mgl,1.021111111111111
Q2,2003-08-19,no3n_ugl,158
Q2,2003-08-19,mg_mgl,2.2755555555555556
Q2,2003-08-19,ca_mgl,4.864444444444445
Q2,2003-08-19,nh4n_ugl,16.666666666666668
Q2,2003-10-21,k_mgl,1.0466666666666666
Q2,2003-10-21,no3n_ugl,183.33333333333334
Q2,2003-10-21,mg_mgl,2.53
Q2,2003-10-21,ca_mgl,5.4366666666666665
Q2,2003-10-21,nh4n_ugl,9.25
Q2,2003-12-23,k_mgl,0.9655555555555556
Q2,2003-12-23,no3n_ugl,160.33333333333334
Q2,2003-12-23,mg_mgl,2.5166666666666666
Q2,2003-12-23,ca_mgl,5.512222222222222
Q2,2003-12-23,nh4n_ugl,11
Q2,2004-02-24,k_mgl,1.0577777777777777
Q2,2004-02-24,no3n_ugl,154.55555555555554
Q2,2004-02-24,mg_mgl,2.6055555555555556
Q2,2004-02-24,ca_mgl,5.412222222222222
Q2,2004-02-24,nh4n_ugl,12.8
Q2,2004-04-27,k_mgl,1.018888888888889
Q2,2004-04-27,no3n_ugl,173.33333333333334
Q2,2004-04-27,mg_mgl,2.3266666666666667
Q2,2004-04-27,ca_mgl,4.624444444444444
Q2,2004-04-27,nh4n_ugl,15
Q2,2004-06-29,k_mgl,1.3466666666666667
Q2,2004-06-29,no3n_ugl,99.88888888888889
Q2,2004-06-29,mg_mgl,3.3955555555555557
Q2,2004-06-29,ca_mgl,6.806666666666667
Q2,2004-06-29,nh4n_ugl,11.5
Q2,2004-08-31,k_mgl,1.03
Q2,2004-08-31,no3n_ugl,149.42857142857142
Q2,2004-08-31,mg_mgl,2.598888888888889
Q2,2004-08-31,ca_mgl,5.476666666666667
Q2,2004-08-31,nh4n_ugl,9.5
Q2,2004-11-02,k_mgl,0.9266666666666666
Q2,2004-11-02,no3n_ugl,113.44444444444444
Q2,2004-11-02,mg_mgl,2.4444444444444446
Q2,2004-11-02,ca_mgl,5.376666666666667
Q2,2004-11-02,nh4n_ugl,12
Q2,2005-01-04,k_mgl,0.7811111111111111
Q2,2005-01-04,no3n_ugl,152
Q2,2005-01-04,mg_mgl,2.8622222222222224
Q2,2005-01-04,ca_mgl,5.996666666666667
Q2,2005-01-04,nh4n_ugl,6
Q2,2005-03-08,k_mgl,0.8688888888888889
Q2,2005-03-08,no3n_ugl,145.11111111111111
Q2,2005-03-08,mg_mgl,2.891111111111111
Q2,2005-03-08,ca_mgl,6.101111111111111
Q2,2005-03-08,nh4n_ugl,9.333333333333334
Q2,2005-05-10,k_mgl,0.9288888888888889
Q2,2005-05-10,no3n_ugl,110.25
Q2,2005-05-10,mg_mgl,2.551111111111111
Q2,2005-05-10,ca_mgl,5.467777777777778
Q2,2005-05-10,nh4n_ugl,15
Q2,2005-07-12,k_mgl,0.75
Q2,2005-07-12,no3n_ugl,101.5
Q2,2005-07-12,mg_mgl,2.608888888888889
Q2,2005-07-12,ca_mgl,5.82
Q2,2005-07-12,nh4n_ugl,8
Q2,2005-09-13,k_mgl,0.8177777777777778
Q2,2005-09-13,no3n_ugl,126.33333333333333
Q2,2005-09-13,mg_mgl,2.517777777777778
Q2,2005-09-13,ca_mgl,5.4688888888888885
Q2,2005-09-13,nh4n_ugl,12
Q2,2005-11-15,k_mgl,0.7533333333333333
Q2,2005-11-15,no3n_ugl,136.77777777777777
Q2,2005-11-15,mg_mgl,2.796666666666667
Q2,2005-11-15,ca_mgl,6.133333333333333
Q2,2005-11-15,nh4n_ugl,8
Q2,2006-01-17,k_mgl,0.7966666666666666
Q2,2006-01-17,no3n_ugl,123.77777777777777
Q2,2006-01-17,mg_mgl,2.678888888888889
Q2,2006-01-17,ca_mgl,5.5
Q2,2006-01-17,nh4n_ugl,9
Q2,2006-03-21,k_mgl,0.8377777777777778
Q2,2006-03-21,no3n_ugl,106.55555555555556
Q2,2006-03-21,mg_mgl,2.7888888888888888
Q2,2006-03-21,ca_mgl,6.1433333333333335
Q2,2006-03-21,nh4n_ugl,NA
Q2,2006-05-23,k_mgl,0.875
Q2,2006-05-23,no3n_ugl,145.11111111111111
Q2,2006-05-23,mg_mgl,2.6133333333333333
Q2,2006-05-23,ca_mgl,5.594444444444444
Q2,2006-05-23,nh4n_ugl,NA
Q2,2006-07-25,k_mgl,0.8577777777777778
Q2,2006-07-25,no3n_ugl,139.83333333333334
Q2,2006-07-25,mg_mgl,2.922222222222222
Q2,2006-07-25,ca_mgl,6.7700000000000005
Q2,2006-07-25,nh4n_ugl,6.5
Q2,2006-09-26,k_mgl,0.8788888888888889
Q2,2006-09-26,no3n_ugl,100.22222222222223
Q2,2006-09-26,mg_mgl,2.5322222222222224
Q2,2006-09-26,ca_mgl,6
Q2,2006-09-26,nh4n_ugl,25.5
Q2,2006-11-28,k_mgl,0.8666666666666667
Q2,2006-11-28,no3n_ugl,130.55555555555554
Q2,2006-11-28,mg_mgl,2.8344444444444443
Q2,2006-11-28,ca_mgl,6.492222222222222
Q2,2006-11-28,nh4n_ugl,8.5
Q2,2007-01-30,k_mgl,0.8911111111111111
Q2,2007-01-30,no3n_ugl,130
Q2,2007-01-30,mg_mgl,3.1355555555555554
Q2,2007-01-30,ca_mgl,6.456666666666667
Q2,2007-01-30,nh4n_ugl,11.666666666666666
Q2,2007-04-03,k_mgl,0.8477777777777777
Q2,2007-04-03,no3n_ugl,99.71428571428571
Q2,2007-04-03,mg_mgl,2.647777777777778
Q2,2007-04-03,ca_mgl,5.061111111111111
Q2,2007-04-03,nh4n_ugl,5.75
Q2,2007-06-05,k_mgl,0.89
Q2,2007-06-05,no3n_ugl,118.22222222222223
Q2,2007-06-05,mg_mgl,2.908888888888889
Q2,2007-06-05,ca_mgl,6.087777777777778
Q2,2007-06-05,nh4n_ugl,6
Q2,2007-08-07,k_mgl,0.8411111111111111
Q2,2007-08-07,no3n_ugl,92.77777777777777
Q2,2007-08-07,mg_mgl,2.756666666666667
Q2,2007-08-07,ca_mgl,5.9511111111111115
Q2,2007-08-07,nh4n_ugl,12.333333333333334
Q2,2007-10-09,k_mgl,0.8077777777777778
Q2,2007-10-09,no3n_ugl,154.66666666666666
Q2,2007-10-09,mg_mgl,2.641111111111111
Q2,2007-10-09,ca_mgl,5.7588888888888885
Q2,2007-10-09,nh4n_ugl,6.2
Q2,2007-12-11,k_mgl,0.8875
Q2,2007-12-11,no3n_ugl,118.5
Q2,2007-12-11,mg_mgl,2.995
Q2,2007-12-11,ca_mgl,6.555
Q2,2007-12-11,nh4n_ugl,7
Q2,2008-02-12,k_mgl,0.8666666666666667
Q2,2008-02-12,no3n_ugl,108.11111111111111
Q2,2008-02-12,mg_mgl,3.148888888888889
Q2,2008-02-12,ca_mgl,6.342222222222222
Q2,2008-02-12,nh4n_ugl,9.166666666666666
Q2,2008-04-15,k_mgl,0.9177777777777778
Q2,2008-04-15,no3n_ugl,92.55555555555556
Q2,2008-04-15,mg_mgl,2.9444444444444446
Q2,2008-04-15,ca_mgl,6.631111111111111
Q2,2008-04-15,nh4n_ugl,NA
Q2,2008-06-17,k_mgl,0.8975
Q2,2008-06-17,no3n_ugl,119.25
Q2,2008-06-17,mg_mgl,3.2975000000000003
Q2,2008-06-17,ca_mgl,6.7
Q2,2008-06-17,nh4n_ugl,12.5
Q2,2008-08-19,k_mgl,0.8377777777777777
Q2,2008-08-19,no3n_ugl,111.88888888888889
Q2,2008-08-19,mg_mgl,2.898888888888889
Q2,2008-08-19,ca_mgl,5.502222222222223
Q2,2008-08-19,nh4n_ugl,13
Q2,2008-10-21,k_mgl,0.7355555555555555
Q2,2008-10-21,no3n_ugl,128.22222222222223
Q2,2008-10-21,mg_mgl,3.37
Q2,2008-10-21,ca_mgl,6.203333333333333
Q2,2008-10-21,nh4n_ugl,8
Q2,2008-12-23,k_mgl,0.8355555555555555
Q2,2008-12-23,no3n_ugl,121
Q2,2008-12-23,mg_mgl,3.1566666666666667
Q2,2008-12-23,ca_mgl,7.202222222222223
Q2,2008-12-23,nh4n_ugl,9.75
Q2,2009-02-24,k_mgl,0.9222222222222222
Q2,2009-02-24,no3n_ugl,134.66666666666666
Q2,2009-02-24,mg_mgl,3.3066666666666666
Q2,2009-02-24,ca_mgl,7.966666666666667
Q2,2009-02-24,nh4n_ugl,13
Q2,2009-04-28,k_mgl,0.9711111111111111
Q2,2009-04-28,no3n_ugl,100.66666666666667
Q2,2009-04-28,mg_mgl,2.8022222222222224
Q2,2009-04-28,ca_mgl,6.076666666666667
Q2,2009-04-28,nh4n_ugl,9
Q2,2009-06-30,k_mgl,0.9544444444444444
Q2,2009-06-30,no3n_ugl,108.22222222222223
Q2,2009-06-30,mg_mgl,2.993333333333333
Q2,2009-06-30,ca_mgl,6.183333333333334
Q2,2009-06-30,nh4n_ugl,13.333333333333334
Q2,2009-09-01,k_mgl,0.9355555555555556
Q2,2009-09-01,no3n_ugl,86
Q2,2009-09-01,mg_mgl,2.8533333333333335
Q2,2009-09-01,ca_mgl,6.763333333333334
Q2,2009-09-01,nh4n_ugl,7
Q2,2009-11-03,k_mgl,0.9355555555555556
Q2,2009-11-03,no3n_ugl,106.75
Q2,2009-11-03,mg_mgl,2.8655555555555554
Q2,2009-11-03,ca_mgl,6.624444444444444
Q2,2009-11-03,nh4n_ugl,9
Q2,2010-01-05,k_mgl,0.8266666666666667
Q2,2010-01-05,no3n_ugl,118.33333333333333
Q2,2010-01-05,mg_mgl,2.9122222222222223
Q2,2010-01-05,ca_mgl,6.915555555555556
Q2,2010-01-05,nh4n_ugl,21
Q2,2010-03-09,k_mgl,0.7422222222222222
Q2,2010-03-09,no3n_ugl,95.66666666666667
Q2,2010-03-09,mg_mgl,2.8966666666666665
Q2,2010-03-09,ca_mgl,6.372222222222222
Q2,2010-03-09,nh4n_ugl,18.25
Q2,2010-05-11,k_mgl,0.8088888888888889
Q2,2010-05-11,no3n_ugl,110.33333333333333
Q2,2010-05-11,mg_mgl,2.668888888888889
Q2,2010-05-11,ca_mgl,5.928888888888889
Q2,2010-05-11,nh4n_ugl,6.333333333333333
Q2,2010-07-13,k_mgl,0.84625
Q2,2010-07-13,no3n_ugl,114
Q2,2010-07-13,mg_mgl,2.53375
Q2,2010-07-13,ca_mgl,5.72875
Q2,2010-07-13,nh4n_ugl,12.4
Q2,2010-09-14,k_mgl,1.1275
Q2,2010-09-14,no3n_ugl,169.11111111111111
Q2,2010-09-14,mg_mgl,2.70125
Q2,2010-09-14,ca_mgl,6.0625
Q2,2010-09-14,nh4n_ugl,7.75
Q2,2010-11-16,k_mgl,1.1300000000000001
Q2,2010-11-16,no3n_ugl,107.125
Q2,2010-11-16,mg_mgl,2.9144444444444444
Q2,2010-11-16,ca_mgl,6.386666666666667
Q2,2010-11-16,nh4n_ugl,10.666666666666666
Q2,2011-01-18,k_mgl,0.7266666666666667
Q2,2011-01-18,no3n_ugl,114
Q2,2011-01-18,mg_mgl,2.98
Q2,2011-01-18,ca_mgl,7.401111111111111
Q2,2011-01-18,nh4n_ugl,19
Q2,2011-03-22,k_mgl,0.7224999999999999
Q2,2011-03-22,no3n_ugl,85
Q2,2011-03-22,mg_mgl,2.13
Q2,2011-03-22,ca_mgl,5.3475
Q2,2011-03-22,nh4n_ugl,NA
Q2,2011-05-24,k_mgl,0.8233333333333334
Q2,2011-05-24,no3n_ugl,89.125
Q2,2011-05-24,mg_mgl,2.5166666666666666
Q2,2011-05-24,ca_mgl,7.257777777777778
Q2,2011-05-24,nh4n_ugl,NA
Q2,2011-07-26,k_mgl,0.77875
Q2,2011-07-26,no3n_ugl,75.5
Q2,2011-07-26,mg_mgl,2.32625
Q2,2011-07-26,ca_mgl,5.8825
Q2,2011-07-26,nh4n_ugl,12
Q2,2011-09-27,k_mgl,0.8266666666666667
Q2,2011-09-27,no3n_ugl,118.33333333333333
Q2,2011-09-27,mg_mgl,2.9133333333333336
Q2,2011-09-27,ca_mgl,7.573333333333333
Q2,2011-09-27,nh4n_ugl,9.333333333333334
Q2,2011-11-29,k_mgl,0.7944444444444444
Q2,2011-11-29,no3n_ugl,134.88888888888889
Q2,2011-11-29,mg_mgl,2.838888888888889
Q2,2011-11-29,ca_mgl,7.59
Q2,2011-11-29,nh4n_ugl,25.333333333333332
Q2,2012-01-31,k_mgl,0.8322222222222222
Q2,2012-01-31,no3n_ugl,88.42857142857143
Q2,2012-01-31,mg_mgl,2.973333333333333
Q2,2012-01-31,ca_mgl,7.822222222222222
Q2,2012-01-31,nh4n_ugl,NA
Q2,2012-04-03,k_mgl,0.8133333333333334
Q2,2012-04-03,no3n_ugl,66.5
Q2,2012-04-03,mg_mgl,2.8111111111111113
Q2,2012-04-03,ca_mgl,7.281111111111111
Q2,2012-04-03,nh4n_ugl,NA
Q2,2012-06-05,k_mgl,0.7644444444444445
Q2,2012-06-05,no3n_ugl,117.42857142857143
Q2,2012-06-05,mg_mgl,2.7177777777777776
Q2,2012-06-05,ca_mgl,6.448888888888889
Q2,2012-06-05,nh4n_ugl,14.5
Q2,2012-08-07,k_mgl,0.7911111111111111
Q2,2012-08-07,no3n_ugl,112.75
Q2,2012-08-07,mg_mgl,2.778888888888889
Q2,2012-08-07,ca_mgl,6.511111111111111
Q2,2012-08-07,nh4n_ugl,9
Q2,2012-10-09,k_mgl,0.86
Q2,2012-10-09,no3n_ugl,81
Q2,2012-10-09,mg_mgl,2.401111111111111
Q2,2012-10-09,ca_mgl,5.383333333333334
Q2,2012-10-09,nh4n_ugl,7
Q2,2012-12-11,k_mgl,0.86
Q2,2012-12-11,no3n_ugl,135.16666666666666
Q2,2012-12-11,mg_mgl,2.9033333333333333
Q2,2012-12-11,ca_mgl,6.777777777777778
Q2,2012-12-11,nh4n_ugl,17
Q2,2013-02-12,k_mgl,0.8833333333333333
Q2,2013-02-12,no3n_ugl,84.5
Q2,2013-02-12,mg_mgl,2.6266666666666665
Q2,2013-02-12,ca_mgl,5.105555555555555
Q2,2013-02-12,nh4n_ugl,24
Q2,2013-04-16,k_mgl,0.8366666666666667
Q2,2013-04-16,no3n_ugl,59.833333333333336
Q2,2013-04-16,mg_mgl,2.6144444444444446
Q2,2013-04-16,ca_mgl,5.738888888888889
Q2,2013-04-16,nh4n_ugl,14
Q2,2013-06-18,k_mgl,0.65875
Q2,2013-06-18,no3n_ugl,66.75
Q2,2013-06-18,mg_mgl,2.8175
Q2,2013-06-18,ca_mgl,6.85
Q2,2013-06-18,nh4n_ugl,5.5
Q2,2013-08-20,k_mgl,0.6585714285714286
Q2,2013-08-20,no3n_ugl,61.333333333333336
Q2,2013-08-20,mg_mgl,2.7314285714285713
Q2,2013-08-20,ca_mgl,7.2785714285714285
Q2,2013-08-20,nh4n_ugl,8.5
Q2,2013-10-22,k_mgl,0.8744444444444445
Q2,2013-10-22,no3n_ugl,113.125
Q2,2013-10-22,mg_mgl,2.57
Q2,2013-10-22,ca_mgl,5.98
Q2,2013-10-22,nh4n_ugl,11.25
Q2,2013-12-24,k_mgl,0.8888888888888888
Q2,2013-12-24,no3n_ugl,138.57142857142858
Q2,2013-12-24,mg_mgl,2.867777777777778
Q2,2013-12-24,ca_mgl,5.88
Q2,2013-12-24,nh4n_ugl,15.333333333333334
Q2,2014-02-25,k_mgl,0.9355555555555556
Q2,2014-02-25,no3n_ugl,128.5
Q2,2014-02-25,mg_mgl,3.5077777777777777
Q2,2014-02-25,ca_mgl,7.032222222222222
Q2,2014-02-25,nh4n_ugl,6.666666666666667
Q2,2014-04-29,k_mgl,1.10875
Q2,2014-04-29,no3n_ugl,115.5
Q2,2014-04-29,mg_mgl,3.065
Q2,2014-04-29,ca_mgl,6.20875
Q2,2014-04-29,nh4n_ugl,9
Q2,2014-07-01,k_mgl,0.9833333333333334
Q2,2014-07-01,no3n_ugl,106
Q2,2014-07-01,mg_mgl,3.1
Q2,2014-07-01,ca_mgl,6.622222222222222
Q2,2014-07-01,nh4n_ugl,10.5
Q2,2014-09-02,k_mgl,0.9788888888888889
Q2,2014-09-02,no3n_ugl,129.66666666666666
Q2,2014-09-02,mg_mgl,3.0933333333333333
Q2,2014-09-02,ca_mgl,6.475555555555555
Q2,2014-09-02,nh4n_ugl,6.25
Q2,2014-11-04,k_mgl,0.8089999999999999
Q2,2014-11-04,no3n_ugl,73.16666666666667
Q2,2014-11-04,mg_mgl,2.809
Q2,2014-11-04,ca_mgl,6.01
Q2,2014-11-04,nh4n_ugl,6.5
Q2,2015-01-06,k_mgl,0.9025
Q2,2015-01-06,no3n_ugl,108.5
Q2,2015-01-06,mg_mgl,3.04375
Q2,2015-01-06,ca_mgl,6.66125
Q2,2015-01-06,nh4n_ugl,12
Q2,2015-03-10,k_mgl,1.04
Q2,2015-03-10,no3n_ugl,156
Q2,2015-03-10,mg_mgl,3.477777777777778
Q2,2015-03-10,ca_mgl,7.191111111111111
Q2,2015-03-10,nh4n_ugl,10.5
Q2,2015-05-12,k_mgl,1.2349999999999999
Q2,2015-05-12,no3n_ugl,172
Q2,2015-05-12,mg_mgl,4.26
Q2,2015-05-12,ca_mgl,8.86
Q2,2015-05-12,nh4n_ugl,NA
Q2,2015-07-14,k_mgl,NA
Q2,2015-07-14,no3n_ugl,NA
Q2,2015-07-14,mg_mgl,NA
Q2,2015-07-14,ca_mgl,NA
Q2,2015-07-14,nh4n_ugl,NA
Q2,2015-09-15,k_mgl,0.845
Q2,2015-09-15,no3n_ugl,200
Q2,2015-09-15,mg_mgl,1.855
Q2,2015-09-15,ca_mgl,4.205
Q2,2015-09-15,nh4n_ugl,11.5
Q2,2015-11-17,k_mgl,0.8333333333333334
Q2,2015-11-17,no3n_ugl,141.14285714285714
Q2,2015-11-17,mg_mgl,2.272222222222222
Q2,2015-11-17,ca_mgl,5.252222222222223
Q2,2015-11-17,nh4n_ugl,6.25
Q2,2016-01-19,k_mgl,0.8266666666666667
Q2,2016-01-19,no3n_ugl,147.75
Q2,2016-01-19,mg_mgl,2.2583333333333333
Q2,2016-01-19,ca_mgl,5.245
Q2,2016-01-19,nh4n_ugl,7
Q2,2016-03-22,k_mgl,0.9522222222222222
Q2,2016-03-22,no3n_ugl,112.83333333333333
Q2,2016-03-22,mg_mgl,2.7855555555555553
Q2,2016-03-22,ca_mgl,6.7877777777777775
Q2,2016-03-22,nh4n_ugl,12.5
Q2,2016-05-24,k_mgl,0.9011111111111111
Q2,2016-05-24,no3n_ugl,135.75
Q2,2016-05-24,mg_mgl,2.8244444444444445
Q2,2016-05-24,ca_mgl,6.948888888888889
Q2,2016-05-24,nh4n_ugl,12.25
Q2,2016-07-26,k_mgl,0.9655555555555556
Q2,2016-07-26,no3n_ugl,109.125
Q2,2016-07-26,mg_mgl,2.5644444444444443
Q2,2016-07-26,ca_mgl,6.155555555555556
Q2,2016-07-26,nh4n_ugl,6
Q2,2016-09-27,k_mgl,0.9588888888888889
Q2,2016-09-27,no3n_ugl,149
Q2,2016-09-27,mg_mgl,2.8633333333333333
Q2,2016-09-27,ca_mgl,6.616666666666666
Q2,2016-09-27,nh4n_ugl,NA
Q2,2016-11-29,k_mgl,0.9155555555555556
Q2,2016-11-29,no3n_ugl,138.77777777777777
Q2,2016-11-29,mg_mgl,2.5566666666666666
Q2,2016-11-29,ca_mgl,6.168888888888889
Q2,2016-11-29,nh4n_ugl,8
Q2,2017-01-31,k_mgl,1.0344444444444445
Q2,2017-01-31,no3n_ugl,137.55555555555554
Q2,2017-01-31,mg_mgl,2.828888888888889
Q2,2017-01-31,ca_mgl,6.2
Q2,2017-01-31,nh4n_ugl,14
Q2,2017-04-04,k_mgl,0.9877777777777778
Q2,2017-04-04,no3n_ugl,126.57142857142857
Q2,2017-04-04,mg_mgl,2.4877777777777776
Q2,2017-04-04,ca_mgl,5.764444444444445
Q2,2017-04-04,nh4n_ugl,12
Q2,2017-06-06,k_mgl,0.9666666666666667
Q2,2017-06-06,no3n_ugl,114.33333333333333
Q2,2017-06-06,mg_mgl,2.7022222222222223
Q2,2017-06-06,ca_mgl,6.2811111111111115
Q2,2017-06-06,nh4n_ugl,8
Q2,2017-08-08,k_mgl,1.1025
Q2,2017-08-08,no3n_ugl,142.25
Q2,2017-08-08,mg_mgl,2.8575
Q2,2017-08-08,ca_mgl,6.297499999999999
Q2,2017-08-08,nh4n_ugl,NA
Q2,2017-10-10,k_mgl,1.39
Q2,2017-10-10,no3n_ugl,269.5
Q2,2017-10-10,mg_mgl,2.7616666666666667
Q2,2017-10-10,ca_mgl,5.16
Q2,2017-10-10,nh4n_ugl,NA
Q2,2017-12-12,k_mgl,1.3
Q2,2017-12-12,no3n_ugl,205.85714285714286
Q2,2017-12-12,mg_mgl,2.84125
Q2,2017-12-12,ca_mgl,6.175
Q2,2017-12-12,nh4n_ugl,7
Q2,2018-02-13,k_mgl,1.1144444444444443
Q2,2018-02-13,no3n_ugl,141.28571428571428
Q2,2018-02-13,mg_mgl,2.7955555555555556
Q2,2018-02-13,ca_mgl,6.148888888888889
Q2,2018-02-13,nh4n_ugl,NA
Q2,2018-04-17,k_mgl,1.0922222222222222
Q2,2018-04-17,no3n_ugl,76.75
Q2,2018-04-17,mg_mgl,2.771111111111111
Q2,2018-04-17,ca_mgl,6.192222222222222
Q2,2018-04-17,nh4n_ugl,9.666666666666666
Q2,2018-06-19,k_mgl,1.03375
Q2,2018-06-19,no3n_ugl,70.25
Q2,2018-06-19,mg_mgl,2.8875
Q2,2018-06-19,ca_mgl,6.3675
Q2,2018-06-19,nh4n_ugl,11.8
Q2,2018-08-21,k_mgl,1.0433333333333334
Q2,2018-08-21,no3n_ugl,84.5
Q2,2018-08-21,mg_mgl,2.675
Q2,2018-08-21,ca_mgl,5.925
Q2,2018-08-21,nh4n_ugl,7
Q2,2018-10-23,k_mgl,0.9871428571428571
Q2,2018-10-23,no3n_ugl,142.42857142857142
Q2,2018-10-23,mg_mgl,2.82
Q2,2018-10-23,ca_mgl,6.247142857142857
Q2,2018-10-23,nh4n_ugl,7.5
Q2,2018-12-25,k_mgl,1.0571428571428572
Q2,2018-12-25,no3n_ugl,85.2
Q2,2018-12-25,mg_mgl,3.032857142857143
Q2,2018-12-25,ca_mgl,6.6814285714285715
Q2,2018-12-25,nh4n_ugl,10
Q2,2019-02-26,k_mgl,1.1377777777777778
Q2,2019-02-26,no3n_ugl,164.14285714285714
Q2,2019-02-26,mg_mgl,3.046666666666667
Q2,2019-02-26,ca_mgl,6.747777777777777
Q2,2019-02-26,nh4n_ugl,6.5
Q2,2019-04-30,k_mgl,1.12
Q2,2019-04-30,no3n_ugl,109
Q2,2019-04-30,mg_mgl,2.832222222222222
Q2,2019-04-30,ca_mgl,6.37
Q2,2019-04-30,nh4n_ugl,NA
Q2,2019-07-02,k_mgl,1.1077777777777778
Q2,2019-07-02,no3n_ugl,104.28571428571429
Q2,2019-07-02,mg_mgl,2.6888888888888887
Q2,2019-07-02,ca_mgl,5.8133333333333335
Q2,2019-07-02,nh4n_ugl,8
Q2,2019-09-03,k_mgl,1.0222222222222221
Q2,2019-09-03,no3n_ugl,193.5
Q2,2019-09-03,mg_mgl,2.758888888888889
Q2,2019-09-03,ca_mgl,5.46
Q2,2019-09-03,nh4n_ugl,NA
Q2,2019-11-05,k_mgl,1.2155555555555555
Q2,2019-11-05,no3n_ugl,239.625
Q2,2019-11-05,mg_mgl,2.75
Q2,2019-11-05,ca_mgl,5.626666666666667
Q2,2019-11-05,nh4n_ugl,7.6
Q2,2020-01-07,k_mgl,1.1144444444444443
Q2,2020-01-07,no3n_ugl,276.1111111111111
Q2,2020-01-07,mg_mgl,2.6944444444444446
Q2,2020-01-07,ca_mgl,5.387777777777778
Q2,2020-01-07,nh4n_ugl,9.666666666666666
Q2,2020-03-10,k_mgl,1.22
Q2,2020-03-10,no3n_ugl,251.5
Q2,2020-03-10,mg_mgl,3.205
Q2,2020-03-10,ca_mgl,7.965
Q2,2020-03-10,nh4n_ugl,7
Q2,2020-05-12,k_mgl,1.35
Q2,2020-05-12,no3n_ugl,133
Q2,2020-05-12,mg_mgl,1.85
Q2,2020-05-12,ca_mgl,4.19
Q2,2020-05-12,nh4n_ugl,29
Q2,2020-07-14,k_mgl,1.1028571428571428
Q2,2020-07-14,no3n_ugl,144.14285714285714
Q2,2020-07-14,mg_mgl,2.6357142857142857
Q2,2020-07-14,ca_mgl,5.627142857142857
Q2,2020-07-14,nh4n_ugl,8.4
Q2,2020-09-15,k_mgl,1.125
Q2,2020-09-15,no3n_ugl,221
Q2,2020-09-15,mg_mgl,2.91875
Q2,2020-09-15,ca_mgl,5.40875
Q2,2020-09-15,nh4n_ugl,8.5
Q2,2020-11-17,k_mgl,1.0971428571428572
Q2,2020-11-17,no3n_ugl,256.14285714285717
Q2,2020-11-17,mg_mgl,3.0957142857142856
Q2,2020-11-17,ca_mgl,6.815714285714286
Q2,2020-11-17,nh4n_ugl,10
Q3,1986-05-20,k_mgl,0.7033333333333333
Q3,1986-05-20,no3n_ugl,119.66666666666667
Q3,1986-05-20,mg_mgl,3.4333333333333336
Q3,1986-05-20,ca_mgl,3.9533333333333336
Q3,1986-05-20,nh4n_ugl,NA
Q3,1986-07-22,k_mgl,NA
Q3,1986-07-22,no3n_ugl,NA
Q3,1986-07-22,mg_mgl,NA
Q3,1986-07-22,ca_mgl,NA
Q3,1986-07-22,nh4n_ugl,NA
Q3,1986-09-23,k_mgl,0.566
Q3,1986-09-23,no3n_ugl,161.5
Q3,1986-09-23,mg_mgl,2.606
Q3,1986-09-23,ca_mgl,3.606
Q3,1986-09-23,nh4n_ugl,24.6
Q3,1986-11-25,k_mgl,0.56
Q3,1986-11-25,no3n_ugl,197.88888888888889
Q3,1986-11-25,mg_mgl,2.738888888888889
Q3,1986-11-25,ca_mgl,3.462222222222222
Q3,1986-11-25,nh4n_ugl,17
Q3,1987-01-27,k_mgl,0.6222222222222222
Q3,1987-01-27,no3n_ugl,193.77777777777777
Q3,1987-01-27,mg_mgl,3.0477777777777777
Q3,1987-01-27,ca_mgl,3.7266666666666666
Q3,1987-01-27,nh4n_ugl,14.571428571428571
Q3,1987-03-31,k_mgl,0.6922222222222222
Q3,1987-03-31,no3n_ugl,182.11111111111111
Q3,1987-03-31,mg_mgl,2.4544444444444444
Q3,1987-03-31,ca_mgl,3.428888888888889
Q3,1987-03-31,nh4n_ugl,46
Q3,1987-06-02,k_mgl,0.6666666666666666
Q3,1987-06-02,no3n_ugl,175.22222222222223
Q3,1987-06-02,mg_mgl,2.4044444444444446
Q3,1987-06-02,ca_mgl,3.621111111111111
Q3,1987-06-02,nh4n_ugl,80.88888888888889
Q3,1987-08-04,k_mgl,0.7055555555555555
Q3,1987-08-04,no3n_ugl,240.375
Q3,1987-08-04,mg_mgl,2.948888888888889
Q3,1987-08-04,ca_mgl,3.9033333333333333
Q3,1987-08-04,nh4n_ugl,19.75
Q3,1987-10-06,k_mgl,0.577
Q3,1987-10-06,no3n_ugl,209.7
Q3,1987-10-06,mg_mgl,2.106
Q3,1987-10-06,ca_mgl,3.079
Q3,1987-10-06,nh4n_ugl,11.714285714285714
Q3,1987-12-08,k_mgl,0.7106666666666667
Q3,1987-12-08,no3n_ugl,162.5
Q3,1987-12-08,mg_mgl,2.306
Q3,1987-12-08,ca_mgl,3.248
Q3,1987-12-08,nh4n_ugl,30.823529411764707
Q3,1988-02-09,k_mgl,0.5833333333333334
Q3,1988-02-09,no3n_ugl,194.77777777777777
Q3,1988-02-09,mg_mgl,2.7488888888888887
Q3,1988-02-09,ca_mgl,3.462222222222222
Q3,1988-02-09,nh4n_ugl,22.444444444444443
Q3,1988-04-12,k_mgl,0.658
Q3,1988-04-12,no3n_ugl,198.6
Q3,1988-04-12,mg_mgl,2.3890000000000002
Q3,1988-04-12,ca_mgl,2.8810000000000002
Q3,1988-04-12,nh4n_ugl,46.2
Q3,1988-06-14,k_mgl,0.677
Q3,1988-06-14,no3n_ugl,NA
Q3,1988-06-14,mg_mgl,2.584
Q3,1988-06-14,ca_mgl,2.896
Q3,1988-06-14,nh4n_ugl,28
Q3,1988-08-16,k_mgl,0.5984615384615385
Q3,1988-08-16,no3n_ugl,140.85714285714286
Q3,1988-08-16,mg_mgl,2.1923076923076925
Q3,1988-08-16,ca_mgl,2.786153846153846
Q3,1988-08-16,nh4n_ugl,42.2
Q3,1988-10-18,k_mgl,0.7075
Q3,1988-10-18,no3n_ugl,184
Q3,1988-10-18,mg_mgl,2.6574999999999998
Q3,1988-10-18,ca_mgl,3.7885714285714287
Q3,1988-10-18,nh4n_ugl,57
Q3,1988-12-20,k_mgl,0.7922222222222223
Q3,1988-12-20,no3n_ugl,188.88888888888889
Q3,1988-12-20,mg_mgl,2.761111111111111
Q3,1988-12-20,ca_mgl,3.87
Q3,1988-12-20,nh4n_ugl,NA
Q3,1989-02-21,k_mgl,0.6988888888888889
Q3,1989-02-21,no3n_ugl,158.22222222222223
Q3,1989-02-21,mg_mgl,2.716666666666667
Q3,1989-02-21,ca_mgl,3.668888888888889
Q3,1989-02-21,nh4n_ugl,NA
Q3,1989-04-25,k_mgl,0.7544444444444445
Q3,1989-04-25,no3n_ugl,145.22222222222223
Q3,1989-04-25,mg_mgl,2.9
Q3,1989-04-25,ca_mgl,4.1755555555555555
Q3,1989-04-25,nh4n_ugl,NA
Q3,1989-06-27,k_mgl,0.8044444444444444
Q3,1989-06-27,no3n_ugl,111.22222222222223
Q3,1989-06-27,mg_mgl,2.626666666666667
Q3,1989-06-27,ca_mgl,3.4266666666666667
Q3,1989-06-27,nh4n_ugl,NA
Q3,1989-08-29,k_mgl,1.031
Q3,1989-08-29,no3n_ugl,176.5
Q3,1989-08-29,mg_mgl,2.676
Q3,1989-08-29,ca_mgl,3.638
Q3,1989-08-29,nh4n_ugl,NA
Q3,1989-10-31,k_mgl,1.4889999999999999
Q3,1989-10-31,no3n_ugl,424.5
Q3,1989-10-31,mg_mgl,3.586
Q3,1989-10-31,ca_mgl,4.354
Q3,1989-10-31,nh4n_ugl,NA
Q3,1990-01-02,k_mgl,1.4577777777777778
Q3,1990-01-02,no3n_ugl,262.375
Q3,1990-01-02,mg_mgl,3.61
Q3,1990-01-02,ca_mgl,5.15
Q3,1990-01-02,nh4n_ugl,NA
Q3,1990-03-06,k_mgl,1.406153846153846
Q3,1990-03-06,no3n_ugl,380.25
Q3,1990-03-06,mg_mgl,2.644615384615385
Q3,1990-03-06,ca_mgl,3.683076923076923
Q3,1990-03-06,nh4n_ugl,NA
Q3,1990-05-08,k_mgl,1.304
Q3,1990-05-08,no3n_ugl,308
Q3,1990-05-08,mg_mgl,3.278
Q3,1990-05-08,ca_mgl,4.443
Q3,1990-05-08,nh4n_ugl,NA
Q3,1990-07-10,k_mgl,1.0666666666666667
Q3,1990-07-10,no3n_ugl,187.375
Q3,1990-07-10,mg_mgl,3.4144444444444444
Q3,1990-07-10,ca_mgl,5.423333333333333
Q3,1990-07-10,nh4n_ugl,NA
Q3,1990-09-11,k_mgl,0.9577777777777777
Q3,1990-09-11,no3n_ugl,114.55555555555556
Q3,1990-09-11,mg_mgl,3.2544444444444447
Q3,1990-09-11,ca_mgl,5.295555555555556
Q3,1990-09-11,nh4n_ugl,NA
Q3,1990-11-13,k_mgl,0.9927272727272728
Q3,1990-11-13,no3n_ugl,197.5
Q3,1990-11-13,mg_mgl,2.8363636363636364
Q3,1990-11-13,ca_mgl,4.458181818181818
Q3,1990-11-13,nh4n_ugl,NA
Q3,1991-01-15,k_mgl,0.7888888888888889
Q3,1991-01-15,no3n_ugl,154.28571428571428
Q3,1991-01-15,mg_mgl,3.8155555555555556
Q3,1991-01-15,ca_mgl,4.995555555555556
Q3,1991-01-15,nh4n_ugl,NA
Q3,1991-03-19,k_mgl,0.8233333333333334
Q3,1991-03-19,no3n_ugl,82.125
Q3,1991-03-19,mg_mgl,3.187777777777778
Q3,1991-03-19,ca_mgl,4.322222222222222
Q3,1991-03-19,nh4n_ugl,NA
Q3,1991-05-21,k_mgl,0.929
Q3,1991-05-21,no3n_ugl,87.25
Q3,1991-05-21,mg_mgl,3.391
Q3,1991-05-21,ca_mgl,4.38
Q3,1991-05-21,nh4n_ugl,NA
Q3,1991-07-23,k_mgl,0.98
Q3,1991-07-23,no3n_ugl,107.1
Q3,1991-07-23,mg_mgl,3.269
Q3,1991-07-23,ca_mgl,4.54
Q3,1991-07-23,nh4n_ugl,NA
Q3,1991-09-24,k_mgl,0.8916666666666667
Q3,1991-09-24,no3n_ugl,147.91666666666666
Q3,1991-09-24,mg_mgl,3.0091666666666668
Q3,1991-09-24,ca_mgl,4.235833333333333
Q3,1991-09-24,nh4n_ugl,NA
Q3,1991-11-26,k_mgl,0.9144444444444445
Q3,1991-11-26,no3n_ugl,216.77777777777777
Q3,1991-11-26,mg_mgl,3.0955555555555554
Q3,1991-11-26,ca_mgl,4.552222222222222
Q3,1991-11-26,nh4n_ugl,NA
Q3,1992-01-28,k_mgl,1.159
Q3,1992-01-28,no3n_ugl,167.11111111111111
Q3,1992-01-28,mg_mgl,3.3930000000000002
Q3,1992-01-28,ca_mgl,5.371
Q3,1992-01-28,nh4n_ugl,NA
Q3,1992-03-31,k_mgl,0.9644444444444444
Q3,1992-03-31,no3n_ugl,80
Q3,1992-03-31,mg_mgl,3.088888888888889
Q3,1992-03-31,ca_mgl,5.408888888888889
Q3,1992-03-31,nh4n_ugl,NA
Q3,1992-06-02,k_mgl,0.9077777777777778
Q3,1992-06-02,no3n_ugl,74.11111111111111
Q3,1992-06-02,mg_mgl,2.8355555555555556
Q3,1992-06-02,ca_mgl,4.177777777777778
Q3,1992-06-02,nh4n_ugl,NA
Q3,1992-08-04,k_mgl,1.1233333333333333
Q3,1992-08-04,no3n_ugl,49.666666666666664
Q3,1992-08-04,mg_mgl,2.918888888888889
Q3,1992-08-04,ca_mgl,4.372222222222223
Q3,1992-08-04,nh4n_ugl,NA
Q3,1992-10-06,k_mgl,0.9655555555555556
Q3,1992-10-06,no3n_ugl,51.111111111111114
Q3,1992-10-06,mg_mgl,3.2311111111111113
Q3,1992-10-06,ca_mgl,4.5488888888888885
Q3,1992-10-06,nh4n_ugl,NA
Q3,1992-12-08,k_mgl,0.9722222222222222
Q3,1992-12-08,no3n_ugl,22
Q3,1992-12-08,mg_mgl,3.358888888888889
Q3,1992-12-08,ca_mgl,4.488888888888889
Q3,1992-12-08,nh4n_ugl,NA
Q3,1993-02-09,k_mgl,0.8233333333333334
Q3,1993-02-09,no3n_ugl,129.5
Q3,1993-02-09,mg_mgl,3.256666666666667
Q3,1993-02-09,ca_mgl,4.522222222222222
Q3,1993-02-09,nh4n_ugl,NA
Q3,1993-04-13,k_mgl,0.8624999999999999
Q3,1993-04-13,no3n_ugl,119.75
Q3,1993-04-13,mg_mgl,3.265
Q3,1993-04-13,ca_mgl,3.9675
Q3,1993-04-13,nh4n_ugl,NA
Q3,1993-06-15,k_mgl,0.8088888888888889
Q3,1993-06-15,no3n_ugl,65.4
Q3,1993-06-15,mg_mgl,2.891111111111111
Q3,1993-06-15,ca_mgl,4.6066666666666665
Q3,1993-06-15,nh4n_ugl,NA
Q3,1993-08-17,k_mgl,0.8633333333333334
Q3,1993-08-17,no3n_ugl,94.75
Q3,1993-08-17,mg_mgl,3.39625
Q3,1993-08-17,ca_mgl,4.736666666666666
Q3,1993-08-17,nh4n_ugl,NA
Q3,1993-10-19,k_mgl,0.8366666666666667
Q3,1993-10-19,no3n_ugl,22.25
Q3,1993-10-19,mg_mgl,3.013333333333333
Q3,1993-10-19,ca_mgl,4.5344444444444445
Q3,1993-10-19,nh4n_ugl,NA
Q3,1993-12-21,k_mgl,0.8077777777777778
Q3,1993-12-21,no3n_ugl,16
Q3,1993-12-21,mg_mgl,2.6155555555555554
Q3,1993-12-21,ca_mgl,4.054444444444444
Q3,1993-12-21,nh4n_ugl,NA
Q3,1994-02-22,k_mgl,0.9011111111111111
Q3,1994-02-22,no3n_ugl,55.666666666666664
Q3,1994-02-22,mg_mgl,3.312222222222222
Q3,1994-02-22,ca_mgl,4.912222222222222
Q3,1994-02-22,nh4n_ugl,NA
Q3,1994-04-26,k_mgl,0.8555555555555555
Q3,1994-04-26,no3n_ugl,17.11111111111111
Q3,1994-04-26,mg_mgl,3.5833333333333335
Q3,1994-04-26,ca_mgl,5.291111111111111
Q3,1994-04-26,nh4n_ugl,NA
Q3,1994-06-28,k_mgl,0.888
Q3,1994-06-28,no3n_ugl,97.75
Q3,1994-06-28,mg_mgl,3.54
Q3,1994-06-28,ca_mgl,5
Q3,1994-06-28,nh4n_ugl,NA
Q3,1994-08-30,k_mgl,0.8577777777777778
Q3,1994-08-30,no3n_ugl,NA
Q3,1994-08-30,mg_mgl,3.3277777777777775
Q3,1994-08-30,ca_mgl,4.845555555555555
Q3,1994-08-30,nh4n_ugl,NA
Q3,1994-11-01,k_mgl,0.8477777777777777
Q3,1994-11-01,no3n_ugl,NA
Q3,1994-11-01,mg_mgl,3.082222222222222
Q3,1994-11-01,ca_mgl,4.412222222222222
Q3,1994-11-01,nh4n_ugl,NA
Q3,1995-01-03,k_mgl,0.9033333333333333
Q3,1995-01-03,no3n_ugl,NA
Q3,1995-01-03,mg_mgl,3.5677777777777777
Q3,1995-01-03,ca_mgl,4.972222222222222
Q3,1995-01-03,nh4n_ugl,NA
Q3,1995-03-07,k_mgl,0.7542857142857143
Q3,1995-03-07,no3n_ugl,NA
Q3,1995-03-07,mg_mgl,3.3257142857142856
Q3,1995-03-07,ca_mgl,4.804285714285714
Q3,1995-03-07,nh4n_ugl,NA
Q3,1995-05-09,k_mgl,0.716
Q3,1995-05-09,no3n_ugl,NA
Q3,1995-05-09,mg_mgl,3.104
Q3,1995-05-09,ca_mgl,4.46
Q3,1995-05-09,nh4n_ugl,NA
Q3,1995-07-11,k_mgl,0.76
Q3,1995-07-11,no3n_ugl,NA
Q3,1995-07-11,mg_mgl,3.2
Q3,1995-07-11,ca_mgl,4.8149999999999995
Q3,1995-07-11,nh4n_ugl,NA
Q3,1995-09-12,k_mgl,NA
Q3,1995-09-12,no3n_ugl,NA
Q3,1995-09-12,mg_mgl,NA
Q3,1995-09-12,ca_mgl,NA
Q3,1995-09-12,nh4n_ugl,NA
Q3,1995-11-14,k_mgl,0.908
Q3,1995-11-14,no3n_ugl,NA
Q3,1995-11-14,mg_mgl,3.312
Q3,1995-11-14,ca_mgl,4.896
Q3,1995-11-14,nh4n_ugl,NA
Q3,1996-01-16,k_mgl,1.0255555555555556
Q3,1996-01-16,no3n_ugl,NA
Q3,1996-01-16,mg_mgl,3.9388888888888887
Q3,1996-01-16,ca_mgl,5.585555555555556
Q3,1996-01-16,nh4n_ugl,NA
Q3,1996-03-19,k_mgl,0.8525
Q3,1996-03-19,no3n_ugl,NA
Q3,1996-03-19,mg_mgl,3.3537500000000002
Q3,1996-03-19,ca_mgl,4.78625
Q3,1996-03-19,nh4n_ugl,NA
Q3,1996-05-21,k_mgl,0.9277777777777778
Q3,1996-05-21,no3n_ugl,NA
Q3,1996-05-21,mg_mgl,3.4277777777777776
Q3,1996-05-21,ca_mgl,4.763333333333334
Q3,1996-05-21,nh4n_ugl,NA
Q3,1996-07-23,k_mgl,0.9922222222222222
Q3,1996-07-23,no3n_ugl,116
Q3,1996-07-23,mg_mgl,3.47
Q3,1996-07-23,ca_mgl,4.943333333333333
Q3,1996-07-23,nh4n_ugl,NA
Q3,1996-09-24,k_mgl,0.9822222222222222
Q3,1996-09-24,no3n_ugl,230.33333333333334
Q3,1996-09-24,mg_mgl,2.9744444444444444
Q3,1996-09-24,ca_mgl,4.321111111111111
Q3,1996-09-24,nh4n_ugl,NA
Q3,1996-11-26,k_mgl,0.9257142857142857
Q3,1996-11-26,no3n_ugl,209.85714285714286
Q3,1996-11-26,mg_mgl,3.255714285714286
Q3,1996-11-26,ca_mgl,5.094285714285714
Q3,1996-11-26,nh4n_ugl,NA
Q3,1997-01-28,k_mgl,0.80375
Q3,1997-01-28,no3n_ugl,222.125
Q3,1997-01-28,mg_mgl,3.198888888888889
Q3,1997-01-28,ca_mgl,4.756666666666667
Q3,1997-01-28,nh4n_ugl,NA
Q3,1997-04-01,k_mgl,1.0355555555555556
Q3,1997-04-01,no3n_ugl,189.28571428571428
Q3,1997-04-01,mg_mgl,3.267777777777778
Q3,1997-04-01,ca_mgl,5.162222222222222
Q3,1997-04-01,nh4n_ugl,NA
Q3,1997-06-03,k_mgl,0.71
Q3,1997-06-03,no3n_ugl,161.66666666666666
Q3,1997-06-03,mg_mgl,2.6222222222222222
Q3,1997-06-03,ca_mgl,4.065555555555555
Q3,1997-06-03,nh4n_ugl,NA
Q3,1997-08-05,k_mgl,1.0611111111111111
Q3,1997-08-05,no3n_ugl,149
Q3,1997-08-05,mg_mgl,3.158888888888889
Q3,1997-08-05,ca_mgl,4.761111111111111
Q3,1997-08-05,nh4n_ugl,NA
Q3,1997-10-07,k_mgl,0.8775
Q3,1997-10-07,no3n_ugl,94.85714285714286
Q3,1997-10-07,mg_mgl,1.9566666666666666
Q3,1997-10-07,ca_mgl,2.84875
Q3,1997-10-07,nh4n_ugl,9
Q3,1997-12-09,k_mgl,0.5700000000000001
Q3,1997-12-09,no3n_ugl,137.16666666666666
Q3,1997-12-09,mg_mgl,1.97
Q3,1997-12-09,ca_mgl,3.341666666666667
Q3,1997-12-09,nh4n_ugl,25
Q3,1998-02-10,k_mgl,0.92125
Q3,1998-02-10,no3n_ugl,105.33333333333333
Q3,1998-02-10,mg_mgl,2.9055555555555554
Q3,1998-02-10,ca_mgl,4.174444444444444
Q3,1998-02-10,nh4n_ugl,6.5
Q3,1998-04-14,k_mgl,0.8722222222222222
Q3,1998-04-14,no3n_ugl,68.5
Q3,1998-04-14,mg_mgl,2.1555555555555554
Q3,1998-04-14,ca_mgl,3.2744444444444447
Q3,1998-04-14,nh4n_ugl,14.666666666666666
Q3,1998-06-16,k_mgl,0.8628571428571429
Q3,1998-06-16,no3n_ugl,117.33333333333333
Q3,1998-06-16,mg_mgl,2.557142857142857
Q3,1998-06-16,ca_mgl,3.8342857142857145
Q3,1998-06-16,nh4n_ugl,19.75
Q3,1998-08-18,k_mgl,0.8415384615384616
Q3,1998-08-18,no3n_ugl,160.08333333333334
Q3,1998-08-18,mg_mgl,2.2984615384615386
Q3,1998-08-18,ca_mgl,3.861666666666667
Q3,1998-08-18,nh4n_ugl,7
Q3,1998-10-20,k_mgl,1.2477777777777777
Q3,1998-10-20,no3n_ugl,465
Q3,1998-10-20,mg_mgl,2.658888888888889
Q3,1998-10-20,ca_mgl,4.277777777777778
Q3,1998-10-20,nh4n_ugl,6.666666666666667
Q3,1998-12-22,k_mgl,1.0622222222222222
Q3,1998-12-22,no3n_ugl,389.55555555555554
Q3,1998-12-22,mg_mgl,2.8877777777777776
Q3,1998-12-22,ca_mgl,4.298888888888889
Q3,1998-12-22,nh4n_ugl,18.25
Q3,1999-02-23,k_mgl,0.9244444444444444
Q3,1999-02-23,no3n_ugl,237.77777777777777
Q3,1999-02-23,mg_mgl,3.367777777777778
Q3,1999-02-23,ca_mgl,5.156666666666666
Q3,1999-02-23,nh4n_ugl,7.5
Q3,1999-04-27,k_mgl,0.9744444444444444
Q3,1999-04-27,no3n_ugl,155
Q3,1999-04-27,mg_mgl,3.2688888888888887
Q3,1999-04-27,ca_mgl,5.011111111111111
Q3,1999-04-27,nh4n_ugl,NA
Q3,1999-06-29,k_mgl,0.8866666666666667
Q3,1999-06-29,no3n_ugl,158.88888888888889
Q3,1999-06-29,mg_mgl,2.736666666666667
Q3,1999-06-29,ca_mgl,3.7422222222222223
Q3,1999-06-29,nh4n_ugl,7.4
Q3,1999-08-31,k_mgl,0.7633333333333333
Q3,1999-08-31,no3n_ugl,169.88888888888889
Q3,1999-08-31,mg_mgl,2.66
Q3,1999-08-31,ca_mgl,3.9755555555555553
Q3,1999-08-31,nh4n_ugl,7.5
Q3,1999-11-02,k_mgl,0.7933333333333333
Q3,1999-11-02,no3n_ugl,228.88888888888889
Q3,1999-11-02,mg_mgl,2.9255555555555555
Q3,1999-11-02,ca_mgl,4.06
Q3,1999-11-02,nh4n_ugl,5
Q3,2000-01-04,k_mgl,0.8633333333333333
Q3,2000-01-04,no3n_ugl,182
Q3,2000-01-04,mg_mgl,3.1444444444444444
Q3,2000-01-04,ca_mgl,4.415555555555556
Q3,2000-01-04,nh4n_ugl,9
Q3,2000-03-07,k_mgl,0.7233333333333334
Q3,2000-03-07,no3n_ugl,127.625
Q3,2000-03-07,mg_mgl,3.522222222222222
Q3,2000-03-07,ca_mgl,5.26
Q3,2000-03-07,nh4n_ugl,NA
Q3,2000-05-09,k_mgl,0.6711111111111111
Q3,2000-05-09,no3n_ugl,106.55555555555556
Q3,2000-05-09,mg_mgl,3.0433333333333334
Q3,2000-05-09,ca_mgl,4.467777777777778
Q3,2000-05-09,nh4n_ugl,7
Q3,2000-07-11,k_mgl,0.68
Q3,2000-07-11,no3n_ugl,102.88888888888889
Q3,2000-07-11,mg_mgl,3.121111111111111
Q3,2000-07-11,ca_mgl,4.8566666666666665
Q3,2000-07-11,nh4n_ugl,23
Q3,2000-09-12,k_mgl,0.7177777777777777
Q3,2000-09-12,no3n_ugl,132.22222222222223
Q3,2000-09-12,mg_mgl,2.6844444444444444
Q3,2000-09-12,ca_mgl,3.9955555555555557
Q3,2000-09-12,nh4n_ugl,10
Q3,2000-11-14,k_mgl,0.7144444444444444
Q3,2000-11-14,no3n_ugl,167.5
Q3,2000-11-14,mg_mgl,3.062222222222222
Q3,2000-11-14,ca_mgl,4.666666666666667
Q3,2000-11-14,nh4n_ugl,NA
Q3,2001-01-16,k_mgl,0.7111111111111111
Q3,2001-01-16,no3n_ugl,129.88888888888889
Q3,2001-01-16,mg_mgl,3.2888888888888888
Q3,2001-01-16,ca_mgl,4.881111111111111
Q3,2001-01-16,nh4n_ugl,10
Q3,2001-03-20,k_mgl,0.7244444444444444
Q3,2001-03-20,no3n_ugl,84.88888888888889
Q3,2001-03-20,mg_mgl,2.971111111111111
Q3,2001-03-20,ca_mgl,4.566666666666666
Q3,2001-03-20,nh4n_ugl,6
Q3,2001-05-22,k_mgl,0.77
Q3,2001-05-22,no3n_ugl,100.11111111111111
Q3,2001-05-22,mg_mgl,3.2422222222222223
Q3,2001-05-22,ca_mgl,4.942222222222222
Q3,2001-05-22,nh4n_ugl,37.5
Q3,2001-07-24,k_mgl,0.74625
Q3,2001-07-24,no3n_ugl,86
Q3,2001-07-24,mg_mgl,3.1575
Q3,2001-07-24,ca_mgl,4.89125
Q3,2001-07-24,nh4n_ugl,NA
Q3,2001-09-25,k_mgl,0.7822222222222223
Q3,2001-09-25,no3n_ugl,132.77777777777777
Q3,2001-09-25,mg_mgl,2.971111111111111
Q3,2001-09-25,ca_mgl,4.648888888888889
Q3,2001-09-25,nh4n_ugl,15
Q3,2001-11-27,k_mgl,0.6911111111111111
Q3,2001-11-27,no3n_ugl,160
Q3,2001-11-27,mg_mgl,2.7333333333333334
Q3,2001-11-27,ca_mgl,4.067777777777778
Q3,2001-11-27,nh4n_ugl,8
Q3,2002-01-29,k_mgl,0.7533333333333333
Q3,2002-01-29,no3n_ugl,154.33333333333334
Q3,2002-01-29,mg_mgl,3.1744444444444446
Q3,2002-01-29,ca_mgl,5.0377777777777775
Q3,2002-01-29,nh4n_ugl,6
Q3,2002-04-02,k_mgl,0.7466666666666667
Q3,2002-04-02,no3n_ugl,96.25
Q3,2002-04-02,mg_mgl,2.6444444444444444
Q3,2002-04-02,ca_mgl,3.951111111111111
Q3,2002-04-02,nh4n_ugl,6
Q3,2002-06-04,k_mgl,0.6844444444444444
Q3,2002-06-04,no3n_ugl,110.11111111111111
Q3,2002-06-04,mg_mgl,3.1777777777777776
Q3,2002-06-04,ca_mgl,4.692222222222222
Q3,2002-06-04,nh4n_ugl,7.166666666666667
Q3,2002-08-06,k_mgl,0.64
Q3,2002-08-06,no3n_ugl,113.88888888888889
Q3,2002-08-06,mg_mgl,3.147777777777778
Q3,2002-08-06,ca_mgl,4.6722222222222225
Q3,2002-08-06,nh4n_ugl,7.5
Q3,2002-10-08,k_mgl,0.6233333333333333
Q3,2002-10-08,no3n_ugl,108.44444444444444
Q3,2002-10-08,mg_mgl,2.89
Q3,2002-10-08,ca_mgl,4.424444444444444
Q3,2002-10-08,nh4n_ugl,5.75
Q3,2002-12-10,k_mgl,0.7366666666666667
Q3,2002-12-10,no3n_ugl,130.66666666666666
Q3,2002-12-10,mg_mgl,2.74
Q3,2002-12-10,ca_mgl,4.552222222222222
Q3,2002-12-10,nh4n_ugl,15
Q3,2003-02-11,k_mgl,0.6544444444444445
Q3,2003-02-11,no3n_ugl,97.88888888888889
Q3,2003-02-11,mg_mgl,3.418888888888889
Q3,2003-02-11,ca_mgl,5.405555555555556
Q3,2003-02-11,nh4n_ugl,6
Q3,2003-04-15,k_mgl,0.7055555555555556
Q3,2003-04-15,no3n_ugl,114.22222222222223
Q3,2003-04-15,mg_mgl,2.5155555555555558
Q3,2003-04-15,ca_mgl,3.721111111111111
Q3,2003-04-15,nh4n_ugl,7.2
Q3,2003-06-17,k_mgl,0.7644444444444445
Q3,2003-06-17,no3n_ugl,124.44444444444444
Q3,2003-06-17,mg_mgl,3.0255555555555556
Q3,2003-06-17,ca_mgl,4.363333333333333
Q3,2003-06-17,nh4n_ugl,6.75
Q3,2003-08-19,k_mgl,0.6711111111111111
Q3,2003-08-19,no3n_ugl,123.77777777777777
Q3,2003-08-19,mg_mgl,2.4033333333333333
Q3,2003-08-19,ca_mgl,3.85
Q3,2003-08-19,nh4n_ugl,9.571428571428571
Q3,2003-10-21,k_mgl,0.7444444444444445
Q3,2003-10-21,no3n_ugl,140.22222222222223
Q3,2003-10-21,mg_mgl,2.5344444444444445
Q3,2003-10-21,ca_mgl,4.033333333333333
Q3,2003-10-21,nh4n_ugl,9
Q3,2003-12-23,k_mgl,0.7455555555555555
Q3,2003-12-23,no3n_ugl,129.375
Q3,2003-12-23,mg_mgl,2.8166666666666664
Q3,2003-12-23,ca_mgl,4.201111111111111
Q3,2003-12-23,nh4n_ugl,7.666666666666667
Q3,2004-02-24,k_mgl,0.7511111111111111
Q3,2004-02-24,no3n_ugl,102.88888888888889
Q3,2004-02-24,mg_mgl,2.712222222222222
Q3,2004-02-24,ca_mgl,4.434444444444445
Q3,2004-02-24,nh4n_ugl,7.5
Q3,2004-04-27,k_mgl,0.8877777777777778
Q3,2004-04-27,no3n_ugl,104.22222222222223
Q3,2004-04-27,mg_mgl,2.6055555555555556
Q3,2004-04-27,ca_mgl,4.045555555555556
Q3,2004-04-27,nh4n_ugl,7.333333333333333
Q3,2004-06-29,k_mgl,0.9566666666666667
Q3,2004-06-29,no3n_ugl,117.42857142857143
Q3,2004-06-29,mg_mgl,3.5033333333333334
Q3,2004-06-29,ca_mgl,5.213333333333333
Q3,2004-06-29,nh4n_ugl,16
Q3,2004-08-31,k_mgl,0.7744444444444445
Q3,2004-08-31,no3n_ugl,118.57142857142857
Q3,2004-08-31,mg_mgl,2.741111111111111
Q3,2004-08-31,ca_mgl,4.907777777777778
Q3,2004-08-31,nh4n_ugl,16
Q3,2004-11-02,k_mgl,0.8544444444444445
Q3,2004-11-02,no3n_ugl,109.375
Q3,2004-11-02,mg_mgl,2.6233333333333335
Q3,2004-11-02,ca_mgl,4.602222222222222
Q3,2004-11-02,nh4n_ugl,23
Q3,2005-01-04,k_mgl,0.6077777777777778
Q3,2005-01-04,no3n_ugl,121.11111111111111
Q3,2005-01-04,mg_mgl,2.991111111111111
Q3,2005-01-04,ca_mgl,4.702222222222222
Q3,2005-01-04,nh4n_ugl,NA
Q3,2005-03-08,k_mgl,0.6322222222222222
Q3,2005-03-08,no3n_ugl,87.77777777777777
Q3,2005-03-08,mg_mgl,3.1755555555555555
Q3,2005-03-08,ca_mgl,4.99
Q3,2005-03-08,nh4n_ugl,11.666666666666666
Q3,2005-05-10,k_mgl,0.7988888888888889
Q3,2005-05-10,no3n_ugl,86.625
Q3,2005-05-10,mg_mgl,2.7733333333333334
Q3,2005-05-10,ca_mgl,4.325555555555556
Q3,2005-05-10,nh4n_ugl,10.333333333333334
Q3,2005-07-12,k_mgl,0.6044444444444445
Q3,2005-07-12,no3n_ugl,88.375
Q3,2005-07-12,mg_mgl,2.8822222222222225
Q3,2005-07-12,ca_mgl,4.573333333333333
Q3,2005-07-12,nh4n_ugl,8
Q3,2005-09-13,k_mgl,0.63
Q3,2005-09-13,no3n_ugl,106
Q3,2005-09-13,mg_mgl,2.5211111111111113
Q3,2005-09-13,ca_mgl,4.078888888888889
Q3,2005-09-13,nh4n_ugl,14
Q3,2005-11-15,k_mgl,0.595
Q3,2005-11-15,no3n_ugl,116.875
Q3,2005-11-15,mg_mgl,2.5355555555555553
Q3,2005-11-15,ca_mgl,4.40625
Q3,2005-11-15,nh4n_ugl,7
Q3,2006-01-17,k_mgl,0.6666666666666666
Q3,2006-01-17,no3n_ugl,118.77777777777777
Q3,2006-01-17,mg_mgl,2.867777777777778
Q3,2006-01-17,ca_mgl,4.7988888888888885
Q3,2006-01-17,nh4n_ugl,NA
Q3,2006-03-21,k_mgl,0.6722222222222223
Q3,2006-03-21,no3n_ugl,69
Q3,2006-03-21,mg_mgl,3.0233333333333334
Q3,2006-03-21,ca_mgl,4.851111111111111
Q3,2006-03-21,nh4n_ugl,NA
Q3,2006-05-23,k_mgl,0.8099999999999999
Q3,2006-05-23,no3n_ugl,114.77777777777777
Q3,2006-05-23,mg_mgl,2.8755555555555556
Q3,2006-05-23,ca_mgl,4.805555555555555
Q3,2006-05-23,nh4n_ugl,6
Q3,2006-07-25,k_mgl,0.711111111111111
Q3,2006-07-25,no3n_ugl,117.125
Q3,2006-07-25,mg_mgl,3.106666666666667
Q3,2006-07-25,ca_mgl,5.32
Q3,2006-07-25,nh4n_ugl,7
Q3,2006-09-26,k_mgl,0.6811111111111111
Q3,2006-09-26,no3n_ugl,90.5
Q3,2006-09-26,mg_mgl,2.68
Q3,2006-09-26,ca_mgl,4.45
Q3,2006-09-26,nh4n_ugl,8.25
Q3,2006-11-28,k_mgl,0.7233333333333333
Q3,2006-11-28,no3n_ugl,104.55555555555556
Q3,2006-11-28,mg_mgl,3.0544444444444445
Q3,2006-11-28,ca_mgl,5.042222222222223
Q3,2006-11-28,nh4n_ugl,5
Q3,2007-01-30,k_mgl,0.71
Q3,2007-01-30,no3n_ugl,77
Q3,2007-01-30,mg_mgl,3.5444444444444443
Q3,2007-01-30,ca_mgl,5.1866666666666665
Q3,2007-01-30,nh4n_ugl,6.333333333333333
Q3,2007-04-03,k_mgl,0.6788888888888889
Q3,2007-04-03,no3n_ugl,63.857142857142854
Q3,2007-04-03,mg_mgl,2.9277777777777776
Q3,2007-04-03,ca_mgl,4.4399999999999995
Q3,2007-04-03,nh4n_ugl,15.333333333333334
Q3,2007-06-05,k_mgl,0.7077777777777777
Q3,2007-06-05,no3n_ugl,75.22222222222223
Q3,2007-06-05,mg_mgl,3.3066666666666666
Q3,2007-06-05,ca_mgl,4.984444444444445
Q3,2007-06-05,nh4n_ugl,6
Q3,2007-08-07,k_mgl,0.6933333333333334
Q3,2007-08-07,no3n_ugl,84.22222222222223
Q3,2007-08-07,mg_mgl,3.152222222222222
Q3,2007-08-07,ca_mgl,5.1322222222222225
Q3,2007-08-07,nh4n_ugl,13.2
Q3,2007-10-09,k_mgl,0.5977777777777777
Q3,2007-10-09,no3n_ugl,128.88888888888889
Q3,2007-10-09,mg_mgl,2.882222222222222
Q3,2007-10-09,ca_mgl,4.481111111111111
Q3,2007-10-09,nh4n_ugl,11
Q3,2007-12-11,k_mgl,0.6928571428571428
Q3,2007-12-11,no3n_ugl,103.14285714285714
Q3,2007-12-11,mg_mgl,3.4614285714285713
Q3,2007-12-11,ca_mgl,5.5285714285714285
Q3,2007-12-11,nh4n_ugl,10.666666666666666
Q3,2008-02-12,k_mgl,0.68
Q3,2008-02-12,no3n_ugl,70.44444444444444
Q3,2008-02-12,mg_mgl,3.5411111111111113
Q3,2008-02-12,ca_mgl,5.33
Q3,2008-02-12,nh4n_ugl,9.2
Q3,2008-04-15,k_mgl,0.7011111111111111
Q3,2008-04-15,no3n_ugl,54.111111111111114
Q3,2008-04-15,mg_mgl,3.243333333333333
Q3,2008-04-15,ca_mgl,5.332222222222222
Q3,2008-04-15,nh4n_ugl,14
Q3,2008-06-17,k_mgl,0.71125
Q3,2008-06-17,no3n_ugl,82.75
Q3,2008-06-17,mg_mgl,3.7975
Q3,2008-06-17,ca_mgl,5.54875
Q3,2008-06-17,nh4n_ugl,6
Q3,2008-08-19,k_mgl,0.7455555555555555
Q3,2008-08-19,no3n_ugl,77.66666666666667
Q3,2008-08-19,mg_mgl,3.051111111111111
Q3,2008-08-19,ca_mgl,4.11
Q3,2008-08-19,nh4n_ugl,12.5
Q3,2008-10-21,k_mgl,0.57
Q3,2008-10-21,no3n_ugl,99.55555555555556
Q3,2008-10-21,mg_mgl,3.5633333333333335
Q3,2008-10-21,ca_mgl,4.641111111111111
Q3,2008-10-21,nh4n_ugl,15
Q3,2008-12-23,k_mgl,0.6344444444444445
Q3,2008-12-23,no3n_ugl,82.5
Q3,2008-12-23,mg_mgl,3.4522222222222223
Q3,2008-12-23,ca_mgl,5.401111111111111
Q3,2008-12-23,nh4n_ugl,13
Q3,2009-02-24,k_mgl,0.6855555555555556
Q3,2009-02-24,no3n_ugl,55.125
Q3,2009-02-24,mg_mgl,3.818888888888889
Q3,2009-02-24,ca_mgl,6.147777777777778
Q3,2009-02-24,nh4n_ugl,NA
Q3,2009-04-28,k_mgl,0.77
Q3,2009-04-28,no3n_ugl,68.55555555555556
Q3,2009-04-28,mg_mgl,3.048888888888889
Q3,2009-04-28,ca_mgl,4.647777777777778
Q3,2009-04-28,nh4n_ugl,NA
Q3,2009-06-30,k_mgl,0.7244444444444444
Q3,2009-06-30,no3n_ugl,84.22222222222223
Q3,2009-06-30,mg_mgl,3.1044444444444443
Q3,2009-06-30,ca_mgl,4.467777777777778
Q3,2009-06-30,nh4n_ugl,13.5
Q3,2009-09-01,k_mgl,0.7277777777777777
Q3,2009-09-01,no3n_ugl,84.22222222222223
Q3,2009-09-01,mg_mgl,3.0122222222222224
Q3,2009-09-01,ca_mgl,5.102222222222222
Q3,2009-09-01,nh4n_ugl,22.5
Q3,2009-11-03,k_mgl,0.7266666666666667
Q3,2009-11-03,no3n_ugl,82.77777777777777
Q3,2009-11-03,mg_mgl,2.9844444444444442
Q3,2009-11-03,ca_mgl,5.038888888888889
Q3,2009-11-03,nh4n_ugl,18
Q3,2010-01-05,k_mgl,0.65
Q3,2010-01-05,no3n_ugl,82
Q3,2010-01-05,mg_mgl,2.918888888888889
Q3,2010-01-05,ca_mgl,5.017777777777778
Q3,2010-01-05,nh4n_ugl,29
Q3,2010-03-09,k_mgl,0.6577777777777778
Q3,2010-03-09,no3n_ugl,79.77777777777777
Q3,2010-03-09,mg_mgl,2.78
Q3,2010-03-09,ca_mgl,4.912222222222222
Q3,2010-03-09,nh4n_ugl,13
Q3,2010-05-11,k_mgl,0.6244444444444445
Q3,2010-05-11,no3n_ugl,67.66666666666667
Q3,2010-05-11,mg_mgl,2.6666666666666665
Q3,2010-05-11,ca_mgl,4.122222222222222
Q3,2010-05-11,nh4n_ugl,16
Q3,2010-07-13,k_mgl,0.69125
Q3,2010-07-13,no3n_ugl,113.875
Q3,2010-07-13,mg_mgl,2.79625
Q3,2010-07-13,ca_mgl,4.87125
Q3,2010-07-13,nh4n_ugl,14
Q3,2010-09-14,k_mgl,0.9188888888888889
Q3,2010-09-14,no3n_ugl,141.44444444444446
Q3,2010-09-14,mg_mgl,2.8422222222222224
Q3,2010-09-14,ca_mgl,4.6466666666666665
Q3,2010-09-14,nh4n_ugl,NA
Q3,2010-11-16,k_mgl,0.6922222222222222
Q3,2010-11-16,no3n_ugl,84
Q3,2010-11-16,mg_mgl,3.06
Q3,2010-11-16,ca_mgl,4.747777777777777
Q3,2010-11-16,nh4n_ugl,18.5
Q3,2011-01-18,k_mgl,0.6122222222222222
Q3,2011-01-18,no3n_ugl,66.5
Q3,2011-01-18,mg_mgl,3.2866666666666666
Q3,2011-01-18,ca_mgl,5.538888888888889
Q3,2011-01-18,nh4n_ugl,13
Q3,2011-03-22,k_mgl,0.5922222222222222
Q3,2011-03-22,no3n_ugl,48.666666666666664
Q3,2011-03-22,mg_mgl,2.9844444444444442
Q3,2011-03-22,ca_mgl,4.995555555555556
Q3,2011-03-22,nh4n_ugl,11
Q3,2011-05-24,k_mgl,0.6233333333333333
Q3,2011-05-24,no3n_ugl,58.55555555555556
Q3,2011-05-24,mg_mgl,2.6155555555555554
Q3,2011-05-24,ca_mgl,4.961111111111111
Q3,2011-05-24,nh4n_ugl,NA
Q3,2011-07-26,k_mgl,0.63625
Q3,2011-07-26,no3n_ugl,62
Q3,2011-07-26,mg_mgl,2.35375
Q3,2011-07-26,ca_mgl,4.18375
Q3,2011-07-26,nh4n_ugl,5
Q3,2011-09-27,k_mgl,0.6511111111111111
Q3,2011-09-27,no3n_ugl,104.85714285714286
Q3,2011-09-27,mg_mgl,2.9344444444444444
Q3,2011-09-27,ca_mgl,5.392222222222222
Q3,2011-09-27,nh4n_ugl,7.333333333333333
Q3,2011-11-29,k_mgl,0.6788888888888889
Q3,2011-11-29,no3n_ugl,119.55555555555556
Q3,2011-11-29,mg_mgl,2.8577777777777778
Q3,2011-11-29,ca_mgl,5.613333333333333
Q3,2011-11-29,nh4n_ugl,8
Q3,2012-01-31,k_mgl,0.6122222222222222
Q3,2012-01-31,no3n_ugl,54.666666666666664
Q3,2012-01-31,mg_mgl,3.1666666666666665
Q3,2012-01-31,ca_mgl,5.683333333333334
Q3,2012-01-31,nh4n_ugl,39.5
Q3,2012-04-03,k_mgl,0.6377777777777778
Q3,2012-04-03,no3n_ugl,30
Q3,2012-04-03,mg_mgl,2.8022222222222224
Q3,2012-04-03,ca_mgl,5.013333333333334
Q3,2012-04-03,nh4n_ugl,6.333333333333333
Q3,2012-06-05,k_mgl,0.585
Q3,2012-06-05,no3n_ugl,55.625
Q3,2012-06-05,mg_mgl,2.97
Q3,2012-06-05,ca_mgl,4.87625
Q3,2012-06-05,nh4n_ugl,16
Q3,2012-08-07,k_mgl,0.6033333333333333
Q3,2012-08-07,no3n_ugl,74.5
Q3,2012-08-07,mg_mgl,2.9988888888888887
Q3,2012-08-07,ca_mgl,5.0777777777777775
Q3,2012-08-07,nh4n_ugl,NA
Q3,2012-10-09,k_mgl,0.5833333333333334
Q3,2012-10-09,no3n_ugl,34
Q3,2012-10-09,mg_mgl,2.5844444444444443
Q3,2012-10-09,ca_mgl,4.145555555555555
Q3,2012-10-09,nh4n_ugl,5
Q3,2012-12-11,k_mgl,0.6622222222222223
Q3,2012-12-11,no3n_ugl,87.8
Q3,2012-12-11,mg_mgl,3.0255555555555556
Q3,2012-12-11,ca_mgl,4.988888888888889
Q3,2012-12-11,nh4n_ugl,26
Q3,2013-02-12,k_mgl,0.6377777777777778
Q3,2013-02-12,no3n_ugl,64.28571428571429
Q3,2013-02-12,mg_mgl,2.9855555555555555
Q3,2013-02-12,ca_mgl,4.042222222222223
Q3,2013-02-12,nh4n_ugl,NA
Q3,2013-04-16,k_mgl,0.5955555555555556
Q3,2013-04-16,no3n_ugl,37
Q3,2013-04-16,mg_mgl,2.827777777777778
Q3,2013-04-16,ca_mgl,4.271111111111111
Q3,2013-04-16,nh4n_ugl,NA
Q3,2013-06-18,k_mgl,0.4775
Q3,2013-06-18,no3n_ugl,34.5
Q3,2013-06-18,mg_mgl,2.6725
Q3,2013-06-18,ca_mgl,4.7575
Q3,2013-06-18,nh4n_ugl,7
Q3,2013-08-20,k_mgl,0.45571428571428574
Q3,2013-08-20,no3n_ugl,107.66666666666667
Q3,2013-08-20,mg_mgl,2.7985714285714285
Q3,2013-08-20,ca_mgl,5.022857142857143
Q3,2013-08-20,nh4n_ugl,8
Q3,2013-10-22,k_mgl,0.611111111111111
Q3,2013-10-22,no3n_ugl,86.875
Q3,2013-10-22,mg_mgl,2.59
Q3,2013-10-22,ca_mgl,4.042222222222222
Q3,2013-10-22,nh4n_ugl,11
Q3,2013-12-24,k_mgl,0.6955555555555556
Q3,2013-12-24,no3n_ugl,104.71428571428571
Q3,2013-12-24,mg_mgl,2.96
Q3,2013-12-24,ca_mgl,4.532222222222222
Q3,2013-12-24,nh4n_ugl,11.5
Q3,2014-02-25,k_mgl,0.705
Q3,2014-02-25,no3n_ugl,80.2
Q3,2014-02-25,mg_mgl,3.68375
Q3,2014-02-25,ca_mgl,5.4087499999999995
Q3,2014-02-25,nh4n_ugl,6
Q3,2014-04-29,k_mgl,0.6933333333333334
Q3,2014-04-29,no3n_ugl,45.166666666666664
Q3,2014-04-29,mg_mgl,3.2844444444444445
Q3,2014-04-29,ca_mgl,4.8244444444444445
Q3,2014-04-29,nh4n_ugl,6
Q3,2014-07-01,k_mgl,0.8111111111111111
Q3,2014-07-01,no3n_ugl,100.33333333333333
Q3,2014-07-01,mg_mgl,3.526666666666667
Q3,2014-07-01,ca_mgl,5.551111111111111
Q3,2014-07-01,nh4n_ugl,7.6
Q3,2014-09-02,k_mgl,0.6455555555555555
Q3,2014-09-02,no3n_ugl,88.875
Q3,2014-09-02,mg_mgl,3.3022222222222224
Q3,2014-09-02,ca_mgl,4.688888888888889
Q3,2014-09-02,nh4n_ugl,7
Q3,2014-11-04,k_mgl,0.6366666666666667
Q3,2014-11-04,no3n_ugl,63.375
Q3,2014-11-04,mg_mgl,2.79
Q3,2014-11-04,ca_mgl,4.144444444444445
Q3,2014-11-04,nh4n_ugl,28
Q3,2015-01-06,k_mgl,0.635
Q3,2015-01-06,no3n_ugl,111
Q3,2015-01-06,mg_mgl,3.25
Q3,2015-01-06,ca_mgl,5.165
Q3,2015-01-06,nh4n_ugl,NA
Q3,2015-03-10,k_mgl,0.7688888888888888
Q3,2015-03-10,no3n_ugl,78.2
Q3,2015-03-10,mg_mgl,3.6666666666666665
Q3,2015-03-10,ca_mgl,5.377777777777778
Q3,2015-03-10,nh4n_ugl,6
Q3,2015-05-12,k_mgl,0.7333333333333333
Q3,2015-05-12,no3n_ugl,86
Q3,2015-05-12,mg_mgl,3.9644444444444447
Q3,2015-05-12,ca_mgl,6.355555555555555
Q3,2015-05-12,nh4n_ugl,5
Q3,2015-07-14,k_mgl,0.7344444444444445
Q3,2015-07-14,no3n_ugl,119.85714285714286
Q3,2015-07-14,mg_mgl,3.6166666666666667
Q3,2015-07-14,ca_mgl,5.545555555555556
Q3,2015-07-14,nh4n_ugl,25
Q3,2015-09-15,k_mgl,0.6744444444444444
Q3,2015-09-15,no3n_ugl,68.16666666666667
Q3,2015-09-15,mg_mgl,3.3633333333333333
Q3,2015-09-15,ca_mgl,5.156666666666666
Q3,2015-09-15,nh4n_ugl,7.6
Q3,2015-11-17,k_mgl,0.7055555555555556
Q3,2015-11-17,no3n_ugl,109
Q3,2015-11-17,mg_mgl,3.3266666666666667
Q3,2015-11-17,ca_mgl,5.345555555555555
Q3,2015-11-17,nh4n_ugl,7.666666666666667
Q3,2016-01-19,k_mgl,0.7633333333333333
Q3,2016-01-19,no3n_ugl,107.14285714285714
Q3,2016-01-19,mg_mgl,3.381111111111111
Q3,2016-01-19,ca_mgl,5.566666666666666
Q3,2016-01-19,nh4n_ugl,6
Q3,2016-03-22,k_mgl,0.7322222222222222
Q3,2016-03-22,no3n_ugl,73.66666666666667
Q3,2016-03-22,mg_mgl,3.328888888888889
Q3,2016-03-22,ca_mgl,5.604444444444445
Q3,2016-03-22,nh4n_ugl,11.5
Q3,2016-05-24,k_mgl,0.69
Q3,2016-05-24,no3n_ugl,81
Q3,2016-05-24,mg_mgl,3.098888888888889
Q3,2016-05-24,ca_mgl,5.075555555555556
Q3,2016-05-24,nh4n_ugl,7.5
Q3,2016-07-26,k_mgl,0.7222222222222222
Q3,2016-07-26,no3n_ugl,99.11111111111111
Q3,2016-07-26,mg_mgl,2.83
Q3,2016-07-26,ca_mgl,4.904444444444445
Q3,2016-07-26,nh4n_ugl,5
Q3,2016-09-27,k_mgl,0.7022222222222222
Q3,2016-09-27,no3n_ugl,117.44444444444444
Q3,2016-09-27,mg_mgl,3.022222222222222
Q3,2016-09-27,ca_mgl,4.953333333333333
Q3,2016-09-27,nh4n_ugl,NA
Q3,2016-11-29,k_mgl,0.7166666666666667
Q3,2016-11-29,no3n_ugl,128.22222222222223
Q3,2016-11-29,mg_mgl,2.7455555555555553
Q3,2016-11-29,ca_mgl,4.576666666666666
Q3,2016-11-29,nh4n_ugl,NA
Q3,2017-01-31,k_mgl,0.7455555555555555
Q3,2017-01-31,no3n_ugl,131.33333333333334
Q3,2017-01-31,mg_mgl,3.2544444444444443
Q3,2017-01-31,ca_mgl,4.886666666666667
Q3,2017-01-31,nh4n_ugl,NA
Q3,2017-04-04,k_mgl,0.7266666666666667
Q3,2017-04-04,no3n_ugl,68.6
Q3,2017-04-04,mg_mgl,2.667777777777778
Q3,2017-04-04,ca_mgl,4.097777777777778
Q3,2017-04-04,nh4n_ugl,8
Q3,2017-06-06,k_mgl,0.6144444444444445
Q3,2017-06-06,no3n_ugl,81.5
Q3,2017-06-06,mg_mgl,2.7622222222222224
Q3,2017-06-06,ca_mgl,4.5
Q3,2017-06-06,nh4n_ugl,9
Q3,2017-08-08,k_mgl,0.73
Q3,2017-08-08,no3n_ugl,113.25
Q3,2017-08-08,mg_mgl,2.945
Q3,2017-08-08,ca_mgl,4.6175
Q3,2017-08-08,nh4n_ugl,NA
Q3,2017-10-10,k_mgl,1.45
Q3,2017-10-10,no3n_ugl,447.6
Q3,2017-10-10,mg_mgl,2.992
Q3,2017-10-10,ca_mgl,4.554
Q3,2017-10-10,nh4n_ugl,6
Q3,2017-12-12,k_mgl,1.2744444444444445
Q3,2017-12-12,no3n_ugl,397.4
Q3,2017-12-12,mg_mgl,3.057777777777778
Q3,2017-12-12,ca_mgl,4.857777777777778
Q3,2017-12-12,nh4n_ugl,6
Q3,2018-02-13,k_mgl,1.1122222222222222
Q3,2018-02-13,no3n_ugl,270.6666666666667
Q3,2018-02-13,mg_mgl,3.0533333333333332
Q3,2018-02-13,ca_mgl,5.157777777777778
Q3,2018-02-13,nh4n_ugl,8
Q3,2018-04-17,k_mgl,1.1011111111111112
Q3,2018-04-17,no3n_ugl,180
Q3,2018-04-17,mg_mgl,3
Q3,2018-04-17,ca_mgl,4.814444444444445
Q3,2018-04-17,nh4n_ugl,8.333333333333334
Q3,2018-06-19,k_mgl,1.0033333333333334
Q3,2018-06-19,no3n_ugl,183
Q3,2018-06-19,mg_mgl,3.1666666666666665
Q3,2018-06-19,ca_mgl,5.198888888888889
Q3,2018-06-19,nh4n_ugl,7
Q3,2018-08-21,k_mgl,0.9916666666666667
Q3,2018-08-21,no3n_ugl,161.6
Q3,2018-08-21,mg_mgl,3.0566666666666666
Q3,2018-08-21,ca_mgl,4.871666666666667
Q3,2018-08-21,nh4n_ugl,NA
Q3,2018-10-23,k_mgl,0.9183333333333333
Q3,2018-10-23,no3n_ugl,202
Q3,2018-10-23,mg_mgl,2.9883333333333333
Q3,2018-10-23,ca_mgl,4.86
Q3,2018-10-23,nh4n_ugl,18
Q3,2018-12-25,k_mgl,0.85
Q3,2018-12-25,no3n_ugl,101.6
Q3,2018-12-25,mg_mgl,3.425
Q3,2018-12-25,ca_mgl,5.35625
Q3,2018-12-25,nh4n_ugl,7
Q3,2019-02-26,k_mgl,0.8744444444444445
Q3,2019-02-26,no3n_ugl,151.85714285714286
Q3,2019-02-26,mg_mgl,3.4033333333333333
Q3,2019-02-26,ca_mgl,5.487777777777778
Q3,2019-02-26,nh4n_ugl,9
Q3,2019-04-30,k_mgl,0.7577777777777778
Q3,2019-04-30,no3n_ugl,123.57142857142857
Q3,2019-04-30,mg_mgl,3.281111111111111
Q3,2019-04-30,ca_mgl,4.99
Q3,2019-04-30,nh4n_ugl,6
Q3,2019-07-02,k_mgl,0.7611111111111112
Q3,2019-07-02,no3n_ugl,96.28571428571429
Q3,2019-07-02,mg_mgl,2.988888888888889
Q3,2019-07-02,ca_mgl,4.518888888888889
Q3,2019-07-02,nh4n_ugl,7
Q3,2019-09-03,k_mgl,0.6633333333333333
Q3,2019-09-03,no3n_ugl,148.83333333333334
Q3,2019-09-03,mg_mgl,3.022222222222222
Q3,2019-09-03,ca_mgl,4.435555555555555
Q3,2019-09-03,nh4n_ugl,8.4
Q3,2019-11-05,k_mgl,0.7777777777777778
Q3,2019-11-05,no3n_ugl,199.125
Q3,2019-11-05,mg_mgl,2.7911111111111113
Q3,2019-11-05,ca_mgl,4.288888888888889
Q3,2019-11-05,nh4n_ugl,NA
Q3,2020-01-07,k_mgl,0.7044444444444444
Q3,2020-01-07,no3n_ugl,201.66666666666666
Q3,2020-01-07,mg_mgl,2.551111111111111
Q3,2020-01-07,ca_mgl,4.081111111111111
Q3,2020-01-07,nh4n_ugl,8
Q3,2020-03-10,k_mgl,0.76
Q3,2020-03-10,no3n_ugl,172
Q3,2020-03-10,mg_mgl,3.3
Q3,2020-03-10,ca_mgl,5.6850000000000005
Q3,2020-03-10,nh4n_ugl,NA
Q3,2020-05-12,k_mgl,0.76
Q3,2020-05-12,no3n_ugl,121
Q3,2020-05-12,mg_mgl,1.86
Q3,2020-05-12,ca_mgl,3.03
Q3,2020-05-12,nh4n_ugl,19
Q3,2020-07-14,k_mgl,0.7085714285714285
Q3,2020-07-14,no3n_ugl,122.14285714285714
Q3,2020-07-14,mg_mgl,2.7385714285714284
Q3,2020-07-14,ca_mgl,4.621428571428572
Q3,2020-07-14,nh4n_ugl,9.25
Q3,2020-09-15,k_mgl,0.70375
Q3,2020-09-15,no3n_ugl,175.875
Q3,2020-09-15,mg_mgl,2.8375
Q3,2020-09-15,ca_mgl,4.4775
Q3,2020-09-15,nh4n_ugl,9.333333333333334
Q3,2020-11-17,k_mgl,0.7128571428571429
Q3,2020-11-17,no3n_ugl,204
Q3,2020-11-17,mg_mgl,3.2085714285714286
Q3,2020-11-17,ca_mgl,5.1899999999999995
Q3,2020-11-17,nh4n_ugl,9
MPR,1989-05-16,k_mgl,0.6855555555555556
MPR,1989-05-16,no3n_ugl,59.625
MPR,1989-05-16,mg_mgl,1.96
MPR,1989-05-16,ca_mgl,6.483333333333333
MPR,1989-05-16,nh4n_ugl,NA
MPR,1989-07-18,k_mgl,0.6614285714285714
MPR,1989-07-18,no3n_ugl,73.71428571428571
MPR,1989-07-18,mg_mgl,1.5783333333333334
MPR,1989-07-18,ca_mgl,6.252857142857143
MPR,1989-07-18,nh4n_ugl,NA
MPR,1989-09-19,k_mgl,1.21
MPR,1989-09-19,no3n_ugl,273.8
MPR,1989-09-19,mg_mgl,2.194
MPR,1989-09-19,ca_mgl,6.906
MPR,1989-09-19,nh4n_ugl,NA
MPR,1989-11-21,k_mgl,0.8825000000000001
MPR,1989-11-21,no3n_ugl,112.71428571428571
MPR,1989-11-21,mg_mgl,2.572857142857143
MPR,1989-11-21,ca_mgl,9.21857142857143
MPR,1989-11-21,nh4n_ugl,NA
MPR,1990-01-23,k_mgl,1.0688888888888888
MPR,1990-01-23,no3n_ugl,209.22222222222223
MPR,1990-01-23,mg_mgl,2.106666666666667
MPR,1990-01-23,ca_mgl,8.71
MPR,1990-01-23,nh4n_ugl,NA
MPR,1990-03-27,k_mgl,1.0077777777777777
MPR,1990-03-27,no3n_ugl,143.33333333333334
MPR,1990-03-27,mg_mgl,2.152222222222222
MPR,1990-03-27,ca_mgl,9.083333333333334
MPR,1990-03-27,nh4n_ugl,NA
MPR,1990-05-29,k_mgl,0.9544444444444444
MPR,1990-05-29,no3n_ugl,187
MPR,1990-05-29,mg_mgl,2.002222222222222
MPR,1990-05-29,ca_mgl,8.342222222222222
MPR,1990-05-29,nh4n_ugl,NA
MPR,1990-07-31,k_mgl,0.8522222222222222
MPR,1990-07-31,no3n_ugl,131.88888888888889
MPR,1990-07-31,mg_mgl,2.1422222222222222
MPR,1990-07-31,ca_mgl,9.635555555555555
MPR,1990-07-31,nh4n_ugl,NA
MPR,1990-10-02,k_mgl,0.77
MPR,1990-10-02,no3n_ugl,126.125
MPR,1990-10-02,mg_mgl,1.9877777777777779
MPR,1990-10-02,ca_mgl,7.89
MPR,1990-10-02,nh4n_ugl,NA
MPR,1990-12-04,k_mgl,0.6533333333333333
MPR,1990-12-04,no3n_ugl,136.75
MPR,1990-12-04,mg_mgl,2.1144444444444446
MPR,1990-12-04,ca_mgl,6.934444444444445
MPR,1990-12-04,nh4n_ugl,NA
MPR,1991-02-05,k_mgl,0.8922222222222222
MPR,1991-02-05,no3n_ugl,121.625
MPR,1991-02-05,mg_mgl,1.9511111111111112
MPR,1991-02-05,ca_mgl,7.41875
MPR,1991-02-05,nh4n_ugl,NA
MPR,1991-04-09,k_mgl,0.77
MPR,1991-04-09,no3n_ugl,50.25
MPR,1991-04-09,mg_mgl,0.9285714285714285
MPR,1991-04-09,ca_mgl,4.635
MPR,1991-04-09,nh4n_ugl,NA
MPR,1991-06-11,k_mgl,0.7728571428571429
MPR,1991-06-11,no3n_ugl,58.333333333333336
MPR,1991-06-11,mg_mgl,1.61625
MPR,1991-06-11,ca_mgl,5.595714285714285
MPR,1991-06-11,nh4n_ugl,NA
MPR,1991-08-13,k_mgl,0.8411111111111111
MPR,1991-08-13,no3n_ugl,80.42857142857143
MPR,1991-08-13,mg_mgl,2.61
MPR,1991-08-13,ca_mgl,9.283333333333333
MPR,1991-08-13,nh4n_ugl,NA
MPR,1991-10-15,k_mgl,0.72125
MPR,1991-10-15,no3n_ugl,118.88888888888889
MPR,1991-10-15,mg_mgl,1.975
MPR,1991-10-15,ca_mgl,6.5337499999999995
MPR,1991-10-15,nh4n_ugl,NA
MPR,1991-12-17,k_mgl,0.7444444444444445
MPR,1991-12-17,no3n_ugl,128.11111111111111
MPR,1991-12-17,mg_mgl,1.9277777777777778
MPR,1991-12-17,ca_mgl,8.153333333333332
MPR,1991-12-17,nh4n_ugl,NA
MPR,1992-02-18,k_mgl,0.9533333333333334
MPR,1992-02-18,no3n_ugl,108.375
MPR,1992-02-18,mg_mgl,2.8133333333333335
MPR,1992-02-18,ca_mgl,9.7325
MPR,1992-02-18,nh4n_ugl,NA
MPR,1992-04-21,k_mgl,0.8288888888888889
MPR,1992-04-21,no3n_ugl,54.375
MPR,1992-04-21,mg_mgl,1.8177777777777777
MPR,1992-04-21,ca_mgl,7.38
MPR,1992-04-21,nh4n_ugl,NA
MPR,1992-06-23,k_mgl,0.7744444444444444
MPR,1992-06-23,no3n_ugl,38.111111111111114
MPR,1992-06-23,mg_mgl,2.088888888888889
MPR,1992-06-23,ca_mgl,8.1466666666666665
MPR,1992-06-23,nh4n_ugl,NA
MPR,1992-08-25,k_mgl,0.8466666666666667
MPR,1992-08-25,no3n_ugl,52.55555555555556
MPR,1992-08-25,mg_mgl,2.39
MPR,1992-08-25,ca_mgl,9.634444444444444
MPR,1992-08-25,nh4n_ugl,NA
MPR,1992-10-27,k_mgl,0.70625
MPR,1992-10-27,no3n_ugl,33.57142857142857
MPR,1992-10-27,mg_mgl,1.77125
MPR,1992-10-27,ca_mgl,7.395
MPR,1992-10-27,nh4n_ugl,NA
MPR,1992-12-29,k_mgl,0.7255555555555555
MPR,1992-12-29,no3n_ugl,NA
MPR,1992-12-29,mg_mgl,1.9188888888888889
MPR,1992-12-29,ca_mgl,7.552222222222222
MPR,1992-12-29,nh4n_ugl,NA
MPR,1993-03-02,k_mgl,0.8055555555555556
MPR,1993-03-02,no3n_ugl,81.33333333333333
MPR,1993-03-02,mg_mgl,2.371111111111111
MPR,1993-03-02,ca_mgl,9.314444444444444
MPR,1993-03-02,nh4n_ugl,NA
MPR,1993-05-04,k_mgl,0.8555555555555555
MPR,1993-05-04,no3n_ugl,42
MPR,1993-05-04,mg_mgl,1.9933333333333334
MPR,1993-05-04,ca_mgl,7.9944444444444445
MPR,1993-05-04,nh4n_ugl,NA
MPR,1993-07-06,k_mgl,0.7675
MPR,1993-07-06,no3n_ugl,63
MPR,1993-07-06,mg_mgl,2.01
MPR,1993-07-06,ca_mgl,8.5875
MPR,1993-07-06,nh4n_ugl,NA
MPR,1993-09-07,k_mgl,0.7211111111111111
MPR,1993-09-07,no3n_ugl,49.111111111111114
MPR,1993-09-07,mg_mgl,1.9766666666666666
MPR,1993-09-07,ca_mgl,8.001111111111111
MPR,1993-09-07,nh4n_ugl,NA
MPR,1993-11-09,k_mgl,0.6577777777777778
MPR,1993-11-09,no3n_ugl,28.833333333333332
MPR,1993-11-09,mg_mgl,1.6811111111111112
MPR,1993-11-09,ca_mgl,7.39625
MPR,1993-11-09,nh4n_ugl,NA
MPR,1994-01-11,k_mgl,0.5700000000000001
MPR,1994-01-11,no3n_ugl,6.333333333333333
MPR,1994-01-11,mg_mgl,1.6344444444444444
MPR,1994-01-11,ca_mgl,6.863333333333333
MPR,1994-01-11,nh4n_ugl,NA
MPR,1994-03-15,k_mgl,0.7277777777777777
MPR,1994-03-15,no3n_ugl,18.5
MPR,1994-03-15,mg_mgl,2.2044444444444444
MPR,1994-03-15,ca_mgl,9.652222222222223
MPR,1994-03-15,nh4n_ugl,NA
MPR,1994-05-17,k_mgl,0.8633333333333333
MPR,1994-05-17,no3n_ugl,19.625
MPR,1994-05-17,mg_mgl,2.3433333333333333
MPR,1994-05-17,ca_mgl,8.848888888888888
MPR,1994-05-17,nh4n_ugl,NA
MPR,1994-07-19,k_mgl,0.8666666666666667
MPR,1994-07-19,no3n_ugl,119
MPR,1994-07-19,mg_mgl,2.5
MPR,1994-07-19,ca_mgl,9.666666666666666
MPR,1994-07-19,nh4n_ugl,NA
MPR,1994-09-20,k_mgl,0.7844444444444444
MPR,1994-09-20,no3n_ugl,NA
MPR,1994-09-20,mg_mgl,1.8944444444444444
MPR,1994-09-20,ca_mgl,8.686666666666667
MPR,1994-09-20,nh4n_ugl,NA
MPR,1994-11-22,k_mgl,0.6855555555555556
MPR,1994-11-22,no3n_ugl,43
MPR,1994-11-22,mg_mgl,2.1277777777777778
MPR,1994-11-22,ca_mgl,8.345555555555556
MPR,1994-11-22,nh4n_ugl,NA
MPR,1995-01-24,k_mgl,0.6900000000000001
MPR,1995-01-24,no3n_ugl,NA
MPR,1995-01-24,mg_mgl,2.0966666666666667
MPR,1995-01-24,ca_mgl,8.94111111111111
MPR,1995-01-24,nh4n_ugl,NA
MPR,1995-03-28,k_mgl,0.7733333333333333
MPR,1995-03-28,no3n_ugl,NA
MPR,1995-03-28,mg_mgl,2.2916666666666665
MPR,1995-03-28,ca_mgl,9.715
MPR,1995-03-28,nh4n_ugl,NA
MPR,1995-05-30,k_mgl,0.666
MPR,1995-05-30,no3n_ugl,NA
MPR,1995-05-30,mg_mgl,2.232
MPR,1995-05-30,ca_mgl,9.906
MPR,1995-05-30,nh4n_ugl,NA
MPR,1995-08-01,k_mgl,NA
MPR,1995-08-01,no3n_ugl,NA
MPR,1995-08-01,mg_mgl,NA
MPR,1995-08-01,ca_mgl,NA
MPR,1995-08-01,nh4n_ugl,NA
MPR,1995-10-03,k_mgl,NA
MPR,1995-10-03,no3n_ugl,NA
MPR,1995-10-03,mg_mgl,NA
MPR,1995-10-03,ca_mgl,NA
MPR,1995-10-03,nh4n_ugl,NA
MPR,1995-12-05,k_mgl,0.7316666666666667
MPR,1995-12-05,no3n_ugl,NA
MPR,1995-12-05,mg_mgl,1.9316666666666666
MPR,1995-12-05,ca_mgl,7.956666666666667
MPR,1995-12-05,nh4n_ugl,NA
MPR,1996-02-06,k_mgl,0.8111111111111111
MPR,1996-02-06,no3n_ugl,NA
MPR,1996-02-06,mg_mgl,2.5555555555555554
MPR,1996-02-06,ca_mgl,9.486666666666666
MPR,1996-02-06,nh4n_ugl,NA
MPR,1996-04-09,k_mgl,0.78625
MPR,1996-04-09,no3n_ugl,NA
MPR,1996-04-09,mg_mgl,2.0275
MPR,1996-04-09,ca_mgl,7.9975000000000005
MPR,1996-04-09,nh4n_ugl,NA
MPR,1996-06-11,k_mgl,0.7614285714285715
MPR,1996-06-11,no3n_ugl,79
MPR,1996-06-11,mg_mgl,2.1914285714285713
MPR,1996-06-11,ca_mgl,8.432857142857143
MPR,1996-06-11,nh4n_ugl,NA
MPR,1996-08-13,k_mgl,0.7424999999999999
MPR,1996-08-13,no3n_ugl,NA
MPR,1996-08-13,mg_mgl,2.20625
MPR,1996-08-13,ca_mgl,8.11875
MPR,1996-08-13,nh4n_ugl,NA
MPR,1996-10-15,k_mgl,0.7222222222222222
MPR,1996-10-15,no3n_ugl,162.66666666666666
MPR,1996-10-15,mg_mgl,1.8511111111111112
MPR,1996-10-15,ca_mgl,6.816666666666666
MPR,1996-10-15,nh4n_ugl,NA
MPR,1996-12-17,k_mgl,0.7428571428571429
MPR,1996-12-17,no3n_ugl,115.71428571428571
MPR,1996-12-17,mg_mgl,1.7914285714285714
MPR,1996-12-17,ca_mgl,7.492857142857143
MPR,1996-12-17,nh4n_ugl,NA
MPR,1997-02-18,k_mgl,0.8444444444444444
MPR,1997-02-18,no3n_ugl,98.625
MPR,1997-02-18,mg_mgl,2.2244444444444444
MPR,1997-02-18,ca_mgl,9.216666666666667
MPR,1997-02-18,nh4n_ugl,NA
MPR,1997-04-22,k_mgl,0.8914285714285715
MPR,1997-04-22,no3n_ugl,132.42857142857142
MPR,1997-04-22,mg_mgl,1.7614285714285713
MPR,1997-04-22,ca_mgl,8.031428571428572
MPR,1997-04-22,nh4n_ugl,NA
MPR,1997-06-24,k_mgl,0.7155555555555555
MPR,1997-06-24,no3n_ugl,88
MPR,1997-06-24,mg_mgl,2.1544444444444446
MPR,1997-06-24,ca_mgl,7.912222222222223
MPR,1997-06-24,nh4n_ugl,NA
MPR,1997-08-26,k_mgl,0.62
MPR,1997-08-26,no3n_ugl,57.75
MPR,1997-08-26,mg_mgl,1.758888888888889
MPR,1997-08-26,ca_mgl,6.937777777777778
MPR,1997-08-26,nh4n_ugl,6.5
MPR,1997-10-28,k_mgl,0.785
MPR,1997-10-28,no3n_ugl,57.142857142857146
MPR,1997-10-28,mg_mgl,2.051
MPR,1997-10-28,ca_mgl,6.845
MPR,1997-10-28,nh4n_ugl,25.75
MPR,1997-12-30,k_mgl,0.66875
MPR,1997-12-30,no3n_ugl,62.142857142857146
MPR,1997-12-30,mg_mgl,1.795
MPR,1997-12-30,ca_mgl,6.12125
MPR,1997-12-30,nh4n_ugl,30.571428571428573
MPR,1998-03-03,k_mgl,0.82125
MPR,1998-03-03,no3n_ugl,35.285714285714285
MPR,1998-03-03,mg_mgl,1.84
MPR,1998-03-03,ca_mgl,5.872222222222222
MPR,1998-03-03,nh4n_ugl,9
MPR,1998-05-05,k_mgl,0.7877777777777778
MPR,1998-05-05,no3n_ugl,74.375
MPR,1998-05-05,mg_mgl,1.557777777777778
MPR,1998-05-05,ca_mgl,5.374444444444444
MPR,1998-05-05,nh4n_ugl,14
MPR,1998-07-07,k_mgl,0.73
MPR,1998-07-07,no3n_ugl,75.72727272727273
MPR,1998-07-07,mg_mgl,2.231818181818182
MPR,1998-07-07,ca_mgl,6.744545454545454
MPR,1998-07-07,nh4n_ugl,14.5
MPR,1998-09-08,k_mgl,1.1841666666666666
MPR,1998-09-08,no3n_ugl,162.83333333333334
MPR,1998-09-08,mg_mgl,1.9341666666666666
MPR,1998-09-08,ca_mgl,8.21
MPR,1998-09-08,nh4n_ugl,12
MPR,1998-11-10,k_mgl,1.0875
MPR,1998-11-10,no3n_ugl,376.875
MPR,1998-11-10,mg_mgl,2.04375
MPR,1998-11-10,ca_mgl,7.03875
MPR,1998-11-10,nh4n_ugl,7.25
MPR,1999-01-12,k_mgl,1.0622222222222222
MPR,1999-01-12,no3n_ugl,178
MPR,1999-01-12,mg_mgl,3.5877777777777777
MPR,1999-01-12,ca_mgl,8.186666666666667
MPR,1999-01-12,nh4n_ugl,13.833333333333334
MPR,1999-03-16,k_mgl,1.0244444444444445
MPR,1999-03-16,no3n_ugl,131
MPR,1999-03-16,mg_mgl,2.4811111111111113
MPR,1999-03-16,ca_mgl,7.528888888888889
MPR,1999-03-16,nh4n_ugl,11.857142857142858
MPR,1999-05-18,k_mgl,1.0355555555555556
MPR,1999-05-18,no3n_ugl,111.14285714285714
MPR,1999-05-18,mg_mgl,2.03
MPR,1999-05-18,ca_mgl,7.023333333333333
MPR,1999-05-18,nh4n_ugl,7.5
MPR,1999-07-20,k_mgl,0.78625
MPR,1999-07-20,no3n_ugl,127.75
MPR,1999-07-20,mg_mgl,1.8775
MPR,1999-07-20,ca_mgl,6.4675
MPR,1999-07-20,nh4n_ugl,7
MPR,1999-09-21,k_mgl,0.77
MPR,1999-09-21,no3n_ugl,166.11111111111111
MPR,1999-09-21,mg_mgl,1.8322222222222222
MPR,1999-09-21,ca_mgl,6.333333333333333
MPR,1999-09-21,nh4n_ugl,7.166666666666667
MPR,1999-11-23,k_mgl,0.5955555555555555
MPR,1999-11-23,no3n_ugl,154.66666666666666
MPR,1999-11-23,mg_mgl,1.7844444444444445
MPR,1999-11-23,ca_mgl,5.685555555555555
MPR,1999-11-23,nh4n_ugl,7.75
MPR,2000-01-25,k_mgl,0.587
MPR,2000-01-25,no3n_ugl,84
MPR,2000-01-25,mg_mgl,2.013
MPR,2000-01-25,ca_mgl,6.248
MPR,2000-01-25,nh4n_ugl,9.2
MPR,2000-03-28,k_mgl,0.68
MPR,2000-03-28,no3n_ugl,55.77777777777778
MPR,2000-03-28,mg_mgl,2.33
MPR,2000-03-28,ca_mgl,7.903333333333333
MPR,2000-03-28,nh4n_ugl,7.333333333333333
MPR,2000-05-30,k_mgl,0.667
MPR,2000-05-30,no3n_ugl,66.8
MPR,2000-05-30,mg_mgl,1.968
MPR,2000-05-30,ca_mgl,6.364
MPR,2000-05-30,nh4n_ugl,8.571428571428571
MPR,2000-08-01,k_mgl,0.7366666666666667
MPR,2000-08-01,no3n_ugl,74.22222222222223
MPR,2000-08-01,mg_mgl,1.8955555555555554
MPR,2000-08-01,ca_mgl,7.386666666666667
MPR,2000-08-01,nh4n_ugl,7.666666666666667
MPR,2000-10-03,k_mgl,0.7
MPR,2000-10-03,no3n_ugl,93.33333333333333
MPR,2000-10-03,mg_mgl,1.8422222222222222
MPR,2000-10-03,ca_mgl,6.138888888888889
MPR,2000-10-03,nh4n_ugl,10
MPR,2000-12-05,k_mgl,0.72625
MPR,2000-12-05,no3n_ugl,105
MPR,2000-12-05,mg_mgl,2.1350000000000002
MPR,2000-12-05,ca_mgl,7.0175
MPR,2000-12-05,nh4n_ugl,9.833333333333334
MPR,2001-02-06,k_mgl,0.7655555555555555
MPR,2001-02-06,no3n_ugl,59.111111111111114
MPR,2001-02-06,mg_mgl,2.398888888888889
MPR,2001-02-06,ca_mgl,9.562222222222223
MPR,2001-02-06,nh4n_ugl,7.714285714285714
MPR,2001-04-10,k_mgl,0.7
MPR,2001-04-10,no3n_ugl,47.22222222222222
MPR,2001-04-10,mg_mgl,1.8033333333333335
MPR,2001-04-10,ca_mgl,7.136666666666667
MPR,2001-04-10,nh4n_ugl,7
MPR,2001-06-12,k_mgl,0.763
MPR,2001-06-12,no3n_ugl,52.1
MPR,2001-06-12,mg_mgl,2.084
MPR,2001-06-12,ca_mgl,8.342
MPR,2001-06-12,nh4n_ugl,7
MPR,2001-08-14,k_mgl,0.7677777777777778
MPR,2001-08-14,no3n_ugl,53.888888888888886
MPR,2001-08-14,mg_mgl,1.9644444444444444
MPR,2001-08-14,ca_mgl,7.5344444444444445
MPR,2001-08-14,nh4n_ugl,7
MPR,2001-10-16,k_mgl,0.674
MPR,2001-10-16,no3n_ugl,91
MPR,2001-10-16,mg_mgl,1.787
MPR,2001-10-16,ca_mgl,6.728
MPR,2001-10-16,nh4n_ugl,12.25
MPR,2001-12-18,k_mgl,0.7088888888888889
MPR,2001-12-18,no3n_ugl,124.22222222222223
MPR,2001-12-18,mg_mgl,2.042222222222222
MPR,2001-12-18,ca_mgl,5.857777777777778
MPR,2001-12-18,nh4n_ugl,9
MPR,2002-02-19,k_mgl,0.7288888888888889
MPR,2002-02-19,no3n_ugl,72.22222222222223
MPR,2002-02-19,mg_mgl,1.988888888888889
MPR,2002-02-19,ca_mgl,7.052222222222222
MPR,2002-02-19,nh4n_ugl,9.166666666666666
MPR,2002-04-23,k_mgl,0.6511111111111111
MPR,2002-04-23,no3n_ugl,50.75
MPR,2002-04-23,mg_mgl,1.728888888888889
MPR,2002-04-23,ca_mgl,5.6066666666666665
MPR,2002-04-23,nh4n_ugl,7.428571428571429
MPR,2002-06-25,k_mgl,0.7255555555555555
MPR,2002-06-25,no3n_ugl,63.55555555555556
MPR,2002-06-25,mg_mgl,2.207777777777778
MPR,2002-06-25,ca_mgl,7.983333333333333
MPR,2002-06-25,nh4n_ugl,10.444444444444445
MPR,2002-08-27,k_mgl,0.6444444444444444
MPR,2002-08-27,no3n_ugl,74.88888888888889
MPR,2002-08-27,mg_mgl,1.8444444444444443
MPR,2002-08-27,ca_mgl,8.01
MPR,2002-08-27,nh4n_ugl,7.5
MPR,2002-10-29,k_mgl,0.6366666666666667
MPR,2002-10-29,no3n_ugl,84.66666666666667
MPR,2002-10-29,mg_mgl,1.8722222222222222
MPR,2002-10-29,ca_mgl,7.651111111111111
MPR,2002-10-29,nh4n_ugl,9.428571428571429
MPR,2002-12-31,k_mgl,0.56875
MPR,2002-12-31,no3n_ugl,83.66666666666667
MPR,2002-12-31,mg_mgl,1.61875
MPR,2002-12-31,ca_mgl,6.557142857142857
MPR,2002-12-31,nh4n_ugl,8.833333333333334
MPR,2003-03-04,k_mgl,0.6255555555555555
MPR,2003-03-04,no3n_ugl,54.22222222222222
MPR,2003-03-04,mg_mgl,2.2266666666666666
MPR,2003-03-04,ca_mgl,9.301111111111112
MPR,2003-03-04,nh4n_ugl,8.2
MPR,2003-05-06,k_mgl,0.6844444444444444
MPR,2003-05-06,no3n_ugl,46.333333333333336
MPR,2003-05-06,mg_mgl,1.9644444444444444
MPR,2003-05-06,ca_mgl,5.486666666666666
MPR,2003-05-06,nh4n_ugl,8
MPR,2003-07-08,k_mgl,0.7677777777777778
MPR,2003-07-08,no3n_ugl,72.55555555555556
MPR,2003-07-08,mg_mgl,1.8955555555555557
MPR,2003-07-08,ca_mgl,6.126666666666667
MPR,2003-07-08,nh4n_ugl,13
MPR,2003-09-09,k_mgl,0.6811111111111111
MPR,2003-09-09,no3n_ugl,91.77777777777777
MPR,2003-09-09,mg_mgl,1.9233333333333333
MPR,2003-09-09,ca_mgl,6.735555555555556
MPR,2003-09-09,nh4n_ugl,9
MPR,2003-11-11,k_mgl,0.5977777777777777
MPR,2003-11-11,no3n_ugl,98.11111111111111
MPR,2003-11-11,mg_mgl,1.7722222222222221
MPR,2003-11-11,ca_mgl,6.125555555555556
MPR,2003-11-11,nh4n_ugl,8.5
MPR,2004-01-13,k_mgl,0.6988888888888889
MPR,2004-01-13,no3n_ugl,82.375
MPR,2004-01-13,mg_mgl,2.0633333333333335
MPR,2004-01-13,ca_mgl,7.653333333333333
MPR,2004-01-13,nh4n_ugl,16.5
MPR,2004-03-16,k_mgl,0.6333333333333333
MPR,2004-03-16,no3n_ugl,38.5
MPR,2004-03-16,mg_mgl,1.6133333333333333
MPR,2004-03-16,ca_mgl,5.472222222222222
MPR,2004-03-16,nh4n_ugl,6.5
MPR,2004-05-18,k_mgl,0.7922222222222223
MPR,2004-05-18,no3n_ugl,68.77777777777777
MPR,2004-05-18,mg_mgl,1.8888888888888888
MPR,2004-05-18,ca_mgl,6.085555555555556
MPR,2004-05-18,nh4n_ugl,13
MPR,2004-07-20,k_mgl,0.7322222222222222
MPR,2004-07-20,no3n_ugl,59.75
MPR,2004-07-20,mg_mgl,1.9011111111111112
MPR,2004-07-20,ca_mgl,6.583333333333333
MPR,2004-07-20,nh4n_ugl,10
MPR,2004-09-21,k_mgl,0.9111111111111111
MPR,2004-09-21,no3n_ugl,82.22222222222223
MPR,2004-09-21,mg_mgl,1.9211111111111112
MPR,2004-09-21,ca_mgl,6.974444444444444
MPR,2004-09-21,nh4n_ugl,14.333333333333334
MPR,2004-11-23,k_mgl,0.6033333333333333
MPR,2004-11-23,no3n_ugl,82.25
MPR,2004-11-23,mg_mgl,1.7044444444444444
MPR,2004-11-23,ca_mgl,6.586666666666667
MPR,2004-11-23,nh4n_ugl,5.5
MPR,2005-01-25,k_mgl,0.5766666666666667
MPR,2005-01-25,no3n_ugl,68.33333333333333
MPR,2005-01-25,mg_mgl,2.022222222222222
MPR,2005-01-25,ca_mgl,7.4255555555555555
MPR,2005-01-25,nh4n_ugl,10
MPR,2005-03-29,k_mgl,0.6166666666666667
MPR,2005-03-29,no3n_ugl,72.33333333333333
MPR,2005-03-29,mg_mgl,1.7266666666666666
MPR,2005-03-29,ca_mgl,6.555555555555555
MPR,2005-03-29,nh4n_ugl,28.6
MPR,2005-05-31,k_mgl,0.67
MPR,2005-05-31,no3n_ugl,55.111111111111114
MPR,2005-05-31,mg_mgl,1.9744444444444444
MPR,2005-05-31,ca_mgl,7.654444444444445
MPR,2005-05-31,nh4n_ugl,9
MPR,2005-08-02,k_mgl,0.5877777777777777
MPR,2005-08-02,no3n_ugl,57.75
MPR,2005-08-02,mg_mgl,1.73
MPR,2005-08-02,ca_mgl,7.432222222222222
MPR,2005-08-02,nh4n_ugl,12.666666666666666
MPR,2005-10-04,k_mgl,0.5644444444444444
MPR,2005-10-04,no3n_ugl,74.125
MPR,2005-10-04,mg_mgl,1.6644444444444444
MPR,2005-10-04,ca_mgl,6.108888888888889
MPR,2005-10-04,nh4n_ugl,8
MPR,2005-12-06,k_mgl,0.5444444444444445
MPR,2005-12-06,no3n_ugl,72.375
MPR,2005-12-06,mg_mgl,1.758888888888889
MPR,2005-12-06,ca_mgl,6.578888888888889
MPR,2005-12-06,nh4n_ugl,12.666666666666666
MPR,2006-02-07,k_mgl,0.5911111111111111
MPR,2006-02-07,no3n_ugl,68.11111111111111
MPR,2006-02-07,mg_mgl,1.9677777777777776
MPR,2006-02-07,ca_mgl,6.706666666666667
MPR,2006-02-07,nh4n_ugl,9
MPR,2006-04-11,k_mgl,0.6377777777777778
MPR,2006-04-11,no3n_ugl,46.666666666666664
MPR,2006-04-11,mg_mgl,2.0355555555555553
MPR,2006-04-11,ca_mgl,7.788888888888889
MPR,2006-04-11,nh4n_ugl,7
MPR,2006-06-13,k_mgl,0.6488888888888888
MPR,2006-06-13,no3n_ugl,69.25
MPR,2006-06-13,mg_mgl,1.8811111111111112
MPR,2006-06-13,ca_mgl,7.373333333333333
MPR,2006-06-13,nh4n_ugl,8.75
MPR,2006-08-15,k_mgl,0.6366666666666666
MPR,2006-08-15,no3n_ugl,53.714285714285715
MPR,2006-08-15,mg_mgl,1.761111111111111
MPR,2006-08-15,ca_mgl,7.702222222222222
MPR,2006-08-15,nh4n_ugl,15.5
MPR,2006-10-17,k_mgl,0.6355555555555555
MPR,2006-10-17,no3n_ugl,69.33333333333333
MPR,2006-10-17,mg_mgl,1.768888888888889
MPR,2006-10-17,ca_mgl,7.816666666666666
MPR,2006-10-17,nh4n_ugl,7.75
MPR,2006-12-19,k_mgl,0.6666666666666666
MPR,2006-12-19,no3n_ugl,83.44444444444444
MPR,2006-12-19,mg_mgl,2.0455555555555556
MPR,2006-12-19,ca_mgl,8.217777777777778
MPR,2006-12-19,nh4n_ugl,8
MPR,2007-02-20,k_mgl,0.7188888888888889
MPR,2007-02-20,no3n_ugl,58.77777777777778
MPR,2007-02-20,mg_mgl,2.2911111111111113
MPR,2007-02-20,ca_mgl,7.958888888888889
MPR,2007-02-20,nh4n_ugl,7.888888888888889
MPR,2007-04-24,k_mgl,0.6555555555555556
MPR,2007-04-24,no3n_ugl,51.375
MPR,2007-04-24,mg_mgl,1.988888888888889
MPR,2007-04-24,ca_mgl,7.127777777777778
MPR,2007-04-24,nh4n_ugl,9.4
MPR,2007-06-26,k_mgl,0.6722222222222223
MPR,2007-06-26,no3n_ugl,48.77777777777778
MPR,2007-06-26,mg_mgl,1.8666666666666667
MPR,2007-06-26,ca_mgl,7.6466666666666665
MPR,2007-06-26,nh4n_ugl,9.285714285714286
MPR,2007-08-28,k_mgl,0.59
MPR,2007-08-28,no3n_ugl,78.66666666666667
MPR,2007-08-28,mg_mgl,2.021111111111111
MPR,2007-08-28,ca_mgl,7.732222222222222
MPR,2007-08-28,nh4n_ugl,7
MPR,2007-10-30,k_mgl,0.52
MPR,2007-10-30,no3n_ugl,107.625
MPR,2007-10-30,mg_mgl,1.5677777777777777
MPR,2007-10-30,ca_mgl,6.376666666666667
MPR,2007-10-30,nh4n_ugl,12.4
MPR,2008-01-01,k_mgl,0.63875
MPR,2008-01-01,no3n_ugl,63.42857142857143
MPR,2008-01-01,mg_mgl,2.0025
MPR,2008-01-01,ca_mgl,8.29125
MPR,2008-01-01,nh4n_ugl,10
MPR,2008-03-04,k_mgl,0.6877777777777778
MPR,2008-03-04,no3n_ugl,61.125
MPR,2008-03-04,mg_mgl,2.214444444444444
MPR,2008-03-04,ca_mgl,6.642222222222222
MPR,2008-03-04,nh4n_ugl,8.333333333333334
MPR,2008-05-06,k_mgl,0.64875
MPR,2008-05-06,no3n_ugl,38.875
MPR,2008-05-06,mg_mgl,2.0425
MPR,2008-05-06,ca_mgl,9.055
MPR,2008-05-06,nh4n_ugl,6
MPR,2008-07-08,k_mgl,0.6288888888888889
MPR,2008-07-08,no3n_ugl,61.111111111111114
MPR,2008-07-08,mg_mgl,2.132222222222222
MPR,2008-07-08,ca_mgl,7.717777777777778
MPR,2008-07-08,nh4n_ugl,13
MPR,2008-09-09,k_mgl,0.545
MPR,2008-09-09,no3n_ugl,74.5
MPR,2008-09-09,mg_mgl,1.9689999999999999
MPR,2008-09-09,ca_mgl,6.907
MPR,2008-09-09,nh4n_ugl,13
MPR,2008-11-11,k_mgl,0.5414285714285715
MPR,2008-11-11,no3n_ugl,69
MPR,2008-11-11,mg_mgl,1.78
MPR,2008-11-11,ca_mgl,6.83
MPR,2008-11-11,nh4n_ugl,18
MPR,2009-01-13,k_mgl,0.6188888888888889
MPR,2009-01-13,no3n_ugl,57.5
MPR,2009-01-13,mg_mgl,2.31
MPR,2009-01-13,ca_mgl,10.45111111111111
MPR,2009-01-13,nh4n_ugl,18
MPR,2009-03-17,k_mgl,0.6711111111111111
MPR,2009-03-17,no3n_ugl,39.375
MPR,2009-03-17,mg_mgl,1.9166666666666665
MPR,2009-03-17,ca_mgl,8.698888888888888
MPR,2009-03-17,nh4n_ugl,5
MPR,2009-05-19,k_mgl,0.6766666666666666
MPR,2009-05-19,no3n_ugl,53.55555555555556
MPR,2009-05-19,mg_mgl,1.982222222222222
MPR,2009-05-19,ca_mgl,7.378888888888889
MPR,2009-05-19,nh4n_ugl,15
MPR,2009-07-21,k_mgl,0.7244444444444444
MPR,2009-07-21,no3n_ugl,65
MPR,2009-07-21,mg_mgl,1.8955555555555554
MPR,2009-07-21,ca_mgl,8.265555555555554
MPR,2009-07-21,nh4n_ugl,8.2
MPR,2009-09-22,k_mgl,0.66
MPR,2009-09-22,no3n_ugl,66.66666666666667
MPR,2009-09-22,mg_mgl,1.8444444444444443
MPR,2009-09-22,ca_mgl,7.808888888888889
MPR,2009-09-22,nh4n_ugl,11.6
MPR,2009-11-24,k_mgl,0.6755555555555556
MPR,2009-11-24,no3n_ugl,72.77777777777777
MPR,2009-11-24,mg_mgl,2.051111111111111
MPR,2009-11-24,ca_mgl,8.633333333333333
MPR,2009-11-24,nh4n_ugl,12.833333333333334
MPR,2010-01-26,k_mgl,0.6388888888888888
MPR,2010-01-26,no3n_ugl,72.33333333333333
MPR,2010-01-26,mg_mgl,2.03
MPR,2010-01-26,ca_mgl,8.936666666666667
MPR,2010-01-26,nh4n_ugl,12.833333333333334
MPR,2010-03-30,k_mgl,0.49222222222222223
MPR,2010-03-30,no3n_ugl,49.22222222222222
MPR,2010-03-30,mg_mgl,1.8511111111111112
MPR,2010-03-30,ca_mgl,6.958888888888889
MPR,2010-03-30,nh4n_ugl,11.857142857142858
MPR,2010-06-01,k_mgl,0.5044444444444445
MPR,2010-06-01,no3n_ugl,49.55555555555556
MPR,2010-06-01,mg_mgl,1.6533333333333333
MPR,2010-06-01,ca_mgl,6.084444444444444
MPR,2010-06-01,nh4n_ugl,9.5
MPR,2010-08-03,k_mgl,0.60375
MPR,2010-08-03,no3n_ugl,57.666666666666664
MPR,2010-08-03,mg_mgl,1.6412499999999999
MPR,2010-08-03,ca_mgl,7.115
MPR,2010-08-03,nh4n_ugl,11.833333333333334
MPR,2010-10-05,k_mgl,0.5988888888888889
MPR,2010-10-05,no3n_ugl,86.66666666666667
MPR,2010-10-05,mg_mgl,2.0366666666666666
MPR,2010-10-05,ca_mgl,7.846666666666667
MPR,2010-10-05,nh4n_ugl,22
MPR,2010-12-07,k_mgl,0.6333333333333333
MPR,2010-12-07,no3n_ugl,52.75
MPR,2010-12-07,mg_mgl,2.1644444444444444
MPR,2010-12-07,ca_mgl,8.601111111111111
MPR,2010-12-07,nh4n_ugl,17.5
MPR,2011-02-08,k_mgl,0.55
MPR,2011-02-08,no3n_ugl,39.333333333333336
MPR,2011-02-08,mg_mgl,1.9977777777777777
MPR,2011-02-08,ca_mgl,8.87
MPR,2011-02-08,nh4n_ugl,6.5
MPR,2011-04-12,k_mgl,0.5388888888888889
MPR,2011-04-12,no3n_ugl,32.857142857142854
MPR,2011-04-12,mg_mgl,1.7722222222222221
MPR,2011-04-12,ca_mgl,8.213333333333333
MPR,2011-04-12,nh4n_ugl,21
MPR,2011-06-14,k_mgl,0.5222222222222223
MPR,2011-06-14,no3n_ugl,49.857142857142854
MPR,2011-06-14,mg_mgl,1.521111111111111
MPR,2011-06-14,ca_mgl,8.157777777777778
MPR,2011-06-14,nh4n_ugl,13
MPR,2011-08-16,k_mgl,0.6075
MPR,2011-08-16,no3n_ugl,93
MPR,2011-08-16,mg_mgl,1.70375
MPR,2011-08-16,ca_mgl,8.08875
MPR,2011-08-16,nh4n_ugl,8
MPR,2011-10-18,k_mgl,0.5655555555555556
MPR,2011-10-18,no3n_ugl,98
MPR,2011-10-18,mg_mgl,1.6422222222222222
MPR,2011-10-18,ca_mgl,8.055555555555555
MPR,2011-10-18,nh4n_ugl,12
MPR,2011-12-20,k_mgl,0.61
MPR,2011-12-20,no3n_ugl,62.375
MPR,2011-12-20,mg_mgl,2.174444444444444
MPR,2011-12-20,ca_mgl,9.276666666666667
MPR,2011-12-20,nh4n_ugl,11.666666666666666
MPR,2012-02-21,k_mgl,0.5566666666666666
MPR,2012-02-21,no3n_ugl,36
MPR,2012-02-21,mg_mgl,1.8244444444444445
MPR,2012-02-21,ca_mgl,8.87111111111111
MPR,2012-02-21,nh4n_ugl,NA
MPR,2012-04-24,k_mgl,0.62
MPR,2012-04-24,no3n_ugl,49
MPR,2012-04-24,mg_mgl,1.9344444444444444
MPR,2012-04-24,ca_mgl,8.777777777777777
MPR,2012-04-24,nh4n_ugl,17
MPR,2012-06-26,k_mgl,0.55375
MPR,2012-06-26,no3n_ugl,68
MPR,2012-06-26,mg_mgl,1.68125
MPR,2012-06-26,ca_mgl,7.50875
MPR,2012-06-26,nh4n_ugl,11.25
MPR,2012-08-28,k_mgl,0.6244444444444445
MPR,2012-08-28,no3n_ugl,59.2
MPR,2012-08-28,mg_mgl,1.9877777777777779
MPR,2012-08-28,ca_mgl,8.69
MPR,2012-08-28,nh4n_ugl,5
MPR,2012-10-30,k_mgl,0.5688888888888889
MPR,2012-10-30,no3n_ugl,49.6
MPR,2012-10-30,mg_mgl,1.771111111111111
MPR,2012-10-30,ca_mgl,7.386666666666667
MPR,2012-10-30,nh4n_ugl,14.333333333333334
MPR,2013-01-01,k_mgl,0.6333333333333333
MPR,2013-01-01,no3n_ugl,73.25
MPR,2013-01-01,mg_mgl,1.8388888888888888
MPR,2013-01-01,ca_mgl,8.022222222222222
MPR,2013-01-01,nh4n_ugl,6
MPR,2013-03-05,k_mgl,0.62
MPR,2013-03-05,no3n_ugl,54.57142857142857
MPR,2013-03-05,mg_mgl,1.7655555555555555
MPR,2013-03-05,ca_mgl,6.576666666666666
MPR,2013-03-05,nh4n_ugl,10
MPR,2013-05-07,k_mgl,0.47
MPR,2013-05-07,no3n_ugl,18.833333333333332
MPR,2013-05-07,mg_mgl,1.52
MPR,2013-05-07,ca_mgl,7.362222222222222
MPR,2013-05-07,nh4n_ugl,NA
MPR,2013-07-09,k_mgl,0.3688888888888889
MPR,2013-07-09,no3n_ugl,86
MPR,2013-07-09,mg_mgl,1.42
MPR,2013-07-09,ca_mgl,7.421111111111111
MPR,2013-07-09,nh4n_ugl,12
MPR,2013-09-10,k_mgl,0.4742857142857143
MPR,2013-09-10,no3n_ugl,65.5
MPR,2013-09-10,mg_mgl,1.7028571428571428
MPR,2013-09-10,ca_mgl,7.1571428571428575
MPR,2013-09-10,nh4n_ugl,10.25
MPR,2013-11-12,k_mgl,0.5355555555555556
MPR,2013-11-12,no3n_ugl,58.833333333333336
MPR,2013-11-12,mg_mgl,1.6911111111111112
MPR,2013-11-12,ca_mgl,7.148888888888889
MPR,2013-11-12,nh4n_ugl,8
MPR,2014-01-14,k_mgl,0.6866666666666666
MPR,2014-01-14,no3n_ugl,80.55555555555556
MPR,2014-01-14,mg_mgl,1.6955555555555555
MPR,2014-01-14,ca_mgl,7.248888888888889
MPR,2014-01-14,nh4n_ugl,9
MPR,2014-03-18,k_mgl,0.7055555555555555
MPR,2014-03-18,no3n_ugl,44.8
MPR,2014-03-18,mg_mgl,2.1666666666666665
MPR,2014-03-18,ca_mgl,8.697777777777778
MPR,2014-03-18,nh4n_ugl,9.666666666666666
MPR,2014-05-20,k_mgl,0.7755555555555556
MPR,2014-05-20,no3n_ugl,49.5
MPR,2014-05-20,mg_mgl,1.9566666666666666
MPR,2014-05-20,ca_mgl,8.258888888888889
MPR,2014-05-20,nh4n_ugl,24
MPR,2014-07-22,k_mgl,0.7075
MPR,2014-07-22,no3n_ugl,68.75
MPR,2014-07-22,mg_mgl,1.8025
MPR,2014-07-22,ca_mgl,7.36875
MPR,2014-07-22,nh4n_ugl,8.25
MPR,2014-09-23,k_mgl,0.6488888888888888
MPR,2014-09-23,no3n_ugl,84.14285714285714
MPR,2014-09-23,mg_mgl,1.711111111111111
MPR,2014-09-23,ca_mgl,7.641111111111111
MPR,2014-09-23,nh4n_ugl,10.666666666666666
MPR,2014-11-25,k_mgl,0.5877777777777777
MPR,2014-11-25,no3n_ugl,55.857142857142854
MPR,2014-11-25,mg_mgl,1.8275000000000001
MPR,2014-11-25,ca_mgl,7.94
MPR,2014-11-25,nh4n_ugl,9
MPR,2015-01-27,k_mgl,0.6277777777777778
MPR,2015-01-27,no3n_ugl,80.25
MPR,2015-01-27,mg_mgl,1.7766666666666666
MPR,2015-01-27,ca_mgl,8.002222222222223
MPR,2015-01-27,nh4n_ugl,8
MPR,2015-03-31,k_mgl,0.84875
MPR,2015-03-31,no3n_ugl,52
MPR,2015-03-31,mg_mgl,2.32
MPR,2015-03-31,ca_mgl,10.27875
MPR,2015-03-31,nh4n_ugl,5
MPR,2015-06-02,k_mgl,0.83875
MPR,2015-06-02,no3n_ugl,86.4
MPR,2015-06-02,mg_mgl,2.10875
MPR,2015-06-02,ca_mgl,10.8975
MPR,2015-06-02,nh4n_ugl,6
MPR,2015-08-04,k_mgl,0.7424999999999999
MPR,2015-08-04,no3n_ugl,70.4
MPR,2015-08-04,mg_mgl,1.81
MPR,2015-08-04,ca_mgl,9.5025
MPR,2015-08-04,nh4n_ugl,8.5
MPR,2015-10-06,k_mgl,0.6266666666666667
MPR,2015-10-06,no3n_ugl,63.8
MPR,2015-10-06,mg_mgl,1.5611111111111111
MPR,2015-10-06,ca_mgl,8.522222222222222
MPR,2015-10-06,nh4n_ugl,6
MPR,2015-12-08,k_mgl,0.65
MPR,2015-12-08,no3n_ugl,77.16666666666667
MPR,2015-12-08,mg_mgl,1.9777777777777779
MPR,2015-12-08,ca_mgl,9.386666666666667
MPR,2015-12-08,nh4n_ugl,6
MPR,2016-02-09,k_mgl,0.7188888888888889
MPR,2016-02-09,no3n_ugl,70.42857142857143
MPR,2016-02-09,mg_mgl,2.111111111111111
MPR,2016-02-09,ca_mgl,8.32
MPR,2016-02-09,nh4n_ugl,9
MPR,2016-04-12,k_mgl,0.5966666666666667
MPR,2016-04-12,no3n_ugl,40.5
MPR,2016-04-12,mg_mgl,1.9244444444444444
MPR,2016-04-12,ca_mgl,9.0344444444444445
MPR,2016-04-12,nh4n_ugl,12.333333333333334
MPR,2016-06-14,k_mgl,0.6511111111111111
MPR,2016-06-14,no3n_ugl,44.5
MPR,2016-06-14,mg_mgl,1.8711111111111112
MPR,2016-06-14,ca_mgl,7.84
MPR,2016-06-14,nh4n_ugl,6.4
MPR,2016-08-16,k_mgl,0.6266666666666667
MPR,2016-08-16,no3n_ugl,66.44444444444444
MPR,2016-08-16,mg_mgl,1.9677777777777776
MPR,2016-08-16,ca_mgl,7.976666666666667
MPR,2016-08-16,nh4n_ugl,5.333333333333333
MPR,2016-10-18,k_mgl,0.59
MPR,2016-10-18,no3n_ugl,91.625
MPR,2016-10-18,mg_mgl,1.8511111111111112
MPR,2016-10-18,ca_mgl,7.594444444444444
MPR,2016-10-18,nh4n_ugl,6
MPR,2016-12-20,k_mgl,0.6488888888888888
MPR,2016-12-20,no3n_ugl,78.625
MPR,2016-12-20,mg_mgl,1.8722222222222222
MPR,2016-12-20,ca_mgl,7.644444444444444
MPR,2016-12-20,nh4n_ugl,NA
MPR,2017-02-21,k_mgl,0.6977777777777778
MPR,2017-02-21,no3n_ugl,71.55555555555556
MPR,2017-02-21,mg_mgl,1.8433333333333333
MPR,2017-02-21,ca_mgl,8.04888888888889
MPR,2017-02-21,nh4n_ugl,15
MPR,2017-04-25,k_mgl,0.6911111111111111
MPR,2017-04-25,no3n_ugl,72.25
MPR,2017-04-25,mg_mgl,1.8166666666666667
MPR,2017-04-25,ca_mgl,6.778888888888889
MPR,2017-04-25,nh4n_ugl,8
MPR,2017-06-27,k_mgl,0.6533333333333333
MPR,2017-06-27,no3n_ugl,61.857142857142854
MPR,2017-06-27,mg_mgl,1.9177777777777778
MPR,2017-06-27,ca_mgl,7.211111111111111
MPR,2017-06-27,nh4n_ugl,6
MPR,2017-08-29,k_mgl,1.01
MPR,2017-08-29,no3n_ugl,238.5
MPR,2017-08-29,mg_mgl,1.7366666666666668
MPR,2017-08-29,ca_mgl,8.629999999999999
MPR,2017-08-29,nh4n_ugl,NA
MPR,2017-10-31,k_mgl,1.3742857142857143
MPR,2017-10-31,no3n_ugl,359.57142857142856
MPR,2017-10-31,mg_mgl,2.0814285714285714
MPR,2017-10-31,ca_mgl,6.198571428571428
MPR,2017-10-31,nh4n_ugl,NA
MPR,2018-01-02,k_mgl,1.1657142857142857
MPR,2018-01-02,no3n_ugl,356.2
MPR,2018-01-02,mg_mgl,1.9114285714285715
MPR,2018-01-02,ca_mgl,7.4157142857142855
MPR,2018-01-02,nh4n_ugl,12
MPR,2018-03-06,k_mgl,0.93
MPR,2018-03-06,no3n_ugl,99.71428571428571
MPR,2018-03-06,mg_mgl,1.94
MPR,2018-03-06,ca_mgl,6.7700000000000005
MPR,2018-03-06,nh4n_ugl,7
MPR,2018-05-08,k_mgl,0.9
MPR,2018-05-08,no3n_ugl,125.14285714285714
MPR,2018-05-08,mg_mgl,1.89
MPR,2018-05-08,ca_mgl,7.434444444444445
MPR,2018-05-08,nh4n_ugl,17
MPR,2018-07-10,k_mgl,0.84
MPR,2018-07-10,no3n_ugl,83.16666666666667
MPR,2018-07-10,mg_mgl,1.885
MPR,2018-07-10,ca_mgl,6.89875
MPR,2018-07-10,nh4n_ugl,11.666666666666666
MPR,2018-09-11,k_mgl,0.7883333333333333
MPR,2018-09-11,no3n_ugl,107.2
MPR,2018-09-11,mg_mgl,1.8633333333333333
MPR,2018-09-11,ca_mgl,7.5633333333333335
MPR,2018-09-11,nh4n_ugl,6
MPR,2018-11-13,k_mgl,0.75
MPR,2018-11-13,no3n_ugl,148.25
MPR,2018-11-13,mg_mgl,2.1950000000000003
MPR,2018-11-13,ca_mgl,8.459999999999999
MPR,2018-11-13,nh4n_ugl,12
MPR,2019-01-15,k_mgl,0.7666666666666666
MPR,2019-01-15,no3n_ugl,78.5
MPR,2019-01-15,mg_mgl,2.227777777777778
MPR,2019-01-15,ca_mgl,8.28111111111111
MPR,2019-01-15,nh4n_ugl,5
MPR,2019-03-19,k_mgl,0.7633333333333333
MPR,2019-03-19,no3n_ugl,89
MPR,2019-03-19,mg_mgl,2.1044444444444443
MPR,2019-03-19,ca_mgl,8.116666666666667
MPR,2019-03-19,nh4n_ugl,5
MPR,2019-05-21,k_mgl,0.7066666666666667
MPR,2019-05-21,no3n_ugl,73.28571428571429
MPR,2019-05-21,mg_mgl,1.8699999999999999
MPR,2019-05-21,ca_mgl,7.677777777777778
MPR,2019-05-21,nh4n_ugl,12
MPR,2019-07-23,k_mgl,0.6888888888888889
MPR,2019-07-23,no3n_ugl,70.6
MPR,2019-07-23,mg_mgl,1.81
MPR,2019-07-23,ca_mgl,6.496666666666667
MPR,2019-07-23,nh4n_ugl,9.333333333333334
MPR,2019-09-24,k_mgl,0.6222222222222222
MPR,2019-09-24,no3n_ugl,90.42857142857143
MPR,2019-09-24,mg_mgl,1.8066666666666666
MPR,2019-09-24,ca_mgl,6.375555555555556
MPR,2019-09-24,nh4n_ugl,5
MPR,2019-11-26,k_mgl,0.63
MPR,2019-11-26,no3n_ugl,127.625
MPR,2019-11-26,mg_mgl,1.7833333333333332
MPR,2019-11-26,ca_mgl,6.355555555555555
MPR,2019-11-26,nh4n_ugl,6.8
MPR,2020-01-28,k_mgl,0.63125
MPR,2020-01-28,no3n_ugl,112
MPR,2020-01-28,mg_mgl,1.8275000000000001
MPR,2020-01-28,ca_mgl,7.1675
MPR,2020-01-28,nh4n_ugl,10
MPR,2020-03-31,k_mgl,NA
MPR,2020-03-31,no3n_ugl,NA
MPR,2020-03-31,mg_mgl,NA
MPR,2020-03-31,ca_mgl,NA
MPR,2020-03-31,nh4n_ugl,NA
MPR,2020-06-02,k_mgl,0.61
MPR,2020-06-02,no3n_ugl,54.5
MPR,2020-06-02,mg_mgl,1.525
MPR,2020-06-02,ca_mgl,5.965
MPR,2020-06-02,nh4n_ugl,7.333333333333333
MPR,2020-08-04,k_mgl,0.745
MPR,2020-08-04,no3n_ugl,90
MPR,2020-08-04,mg_mgl,2.35
MPR,2020-08-04,ca_mgl,6.562
MPR,2020-08-04,nh4n_ugl,11.5
MPR,2020-10-06,k_mgl,0.6466666666666667
MPR,2020-10-06,no3n_ugl,114.33333333333333
MPR,2020-10-06,mg_mgl,1.77
MPR,2020-10-06,ca_mgl,5.753333333333333
MPR,2020-10-06,nh4n_ugl,11.4
MPR,2020-12-08,k_mgl,0.6325
MPR,2020-12-08,no3n_ugl,113
MPR,2020-12-08,mg_mgl,1.9175
MPR,2020-12-08,ca_mgl,6.875
MPR,2020-12-08,nh4n_ugl,11
